"node","com_name","networktype"
"068_Q1","CPM_K3_01",1
"195_Q1","CPM_K3_01",1
"1TN_Q1","CPM_K3_01",1
"C4A_Q1","CPM_K3_01",1
"FLEV1_Q1","CPM_K3_01",1
"HOL_KBMB","CPM_K3_01",1
"HOL_LKBB","CPM_K3_01",1
"HOL_LKSB","CPM_K3_01",1
"HOL_MBRU","CPM_K3_01",1
"HOL_MBUF","CPM_K3_01",1
"HOL_MRBR","CPM_K3_01",1
"HOL_PALZ","CPM_K3_01",1
"HOL_TRPB","CPM_K3_01",1
"HOL_TRRB","CPM_K3_01",1
"HOL_TRRS","CPM_K3_01",1
"HORB1_Q1","CPM_K3_01",1
"HORB2_Q1","CPM_K3_01",1
"HORB3_Q1","CPM_K3_01",1
"MAP_Q1","CPM_K3_01",1
"SARR6_Q1","CPM_K3_01",1
"SAUL_Q1","CPM_K3_01",1
"SILL_Q2","CPM_K3_01",1
"TROY_Q1","CPM_K3_01",1
"VALK_Q1","CPM_K3_01",1
"VALK_Q2","CPM_K3_01",1
"VDM2W_Q1","CPM_K3_01",1
"VDMLR_Q1","CPM_K3_01",1
"VDMLR_Q2","CPM_K3_01",1
"VDMWL_Q1","CPM_K3_01",1
"VDMWL_Q3","CPM_K3_01",1
"VEN_Q1","CPM_K3_01",1
"VFH_Q2","CPM_K3_01",1
"VNW_Q1","CPM_K3_01",1
"VRW_Q1","CPM_K3_01",1
"HOL_TITE","CPM_K3_02",1
"ILLA_Q1","CPM_K3_02",1
"TROY_Q1","CPM_K3_02",1
"NEW_Q1","CPM_K3_03",1
"POM4_Q1","CPM_K3_03",1
"SWP_Q1","CPM_K3_03",1
"ALC_Q1","CPM_K3_04",1
"C5A_Q1","CPM_K3_04",1
"SPR_Q1","CPM_K3_04",1
"VDMWL_Q2","CPM_K3_04",1
"VEL_Q2","CPM_K3_04",1
"388_Q1","CPM_K3_05",1
"600_Q1","CPM_K3_05",1
"MEK_Q1","CPM_K3_05",1
"NOVY_Q2","CPM_K3_05",1
"202_Q1","CPM_K3_06",1
"HOL_KORB","CPM_K3_06",1
"HOL_MB253","CPM_K3_06",1
"HOL_TRMB32","CPM_K3_06",1
"METZ_Q3","CPM_K3_06",1
"DEU_Q1","CPM_K3_07",1
"EMP_Q1","CPM_K3_07",1
"OSND_Q1","CPM_K3_07",1
"068_Q1","CPM_K3_08",1
"068_Q2","CPM_K3_08",1
"BECRAA","CPM_K3_08",1
"ELT_Q1","CPM_K3_08",1
"068_Q1","CPM_K4_01",1
"195_Q1","CPM_K4_01",1
"1TN_Q1","CPM_K4_01",1
"C4A_Q1","CPM_K4_01",1
"HOL_KBMB","CPM_K4_01",1
"HOL_MBRU","CPM_K4_01",1
"HOL_MBUF","CPM_K4_01",1
"HOL_MRBR","CPM_K4_01",1
"HOL_TRRB","CPM_K4_01",1
"HOL_TRRS","CPM_K4_01",1
"VALK_Q2","CPM_K4_01",1
"VDM2W_Q1","CPM_K4_01",1
"VDMLR_Q1","CPM_K4_01",1
"VFH_Q2","CPM_K4_01",1
"VNW_Q1","CPM_K4_01",1
"VALK_Q1","CPM_K4_02",1
"VDM2W_Q1","CPM_K4_02",1
"VDMLR_Q2","CPM_K4_02",1
"VDMWL_Q3","CPM_K4_02",1
"VNW_Q1","CPM_K4_02",1
"VRW_Q1","CPM_K4_02",1
"HOL_TRRB","CPM_K4_03",1
"HORB1_Q1","CPM_K4_03",1
"HORB2_Q1","CPM_K4_03",1
"HORB3_Q1","CPM_K4_03",1
"C4A_Q1","CPM_K4_04",1
"FLEV1_Q1","CPM_K4_04",1
"HOL_MBUF","CPM_K4_04",1
"SILL_Q2","CPM_K4_04",1
"1TN_Q1","CPM_K5_01",1
"HOL_MRBR","CPM_K5_01",1
"HOL_TRRB","CPM_K5_01",1
"VALK_Q2","CPM_K5_01",1
"VNW_Q1","CPM_K5_01",1
"195_Q1","CPM_K5_02",1
"HOL_MRBR","CPM_K5_02",1
"HOL_TRRB","CPM_K5_02",1
"VALK_Q2","CPM_K5_02",1
"VFH_Q2","CPM_K5_02",1
"068_Q1","GN_ 1",1
"068_Q2","GN_ 1",1
"1DH_Q1","GN_ 1",1
"BECRAA","GN_ 1",1
"BECRKO","GN_ 1",1
"ELT_Q1","GN_ 1",1
"LANG_Q1","GN_ 1",1
"068_Q3","GN_ 2",1
"1GDGem","GN_ 2",1
"HOK_Q1","GN_ 2",1
"POM3_Q1","GN_ 2",1
"VALK_Q1","GN_ 2",1
"VDM2W_Q1","GN_ 2",1
"VDMLR_Q1","GN_ 2",1
"VDMLR_Q2","GN_ 2",1
"VDMWL_Q1","GN_ 2",1
"VDMWL_Q3","GN_ 2",1
"VNW_Q1","GN_ 2",1
"VRW_Q1","GN_ 2",1
"195_Q1","GN_ 3",1
"1TN_Q1","GN_ 3",1
"C4A_Q1","GN_ 3",1
"DMN1_Q3","GN_ 3",1
"FLEV1_Q1","GN_ 3",1
"HOL_KBMB","GN_ 3",1
"HOL_LKSB","GN_ 3",1
"HOL_MBRU","GN_ 3",1
"HOL_MBUF","GN_ 3",1
"HOL_MRBR","GN_ 3",1
"HOL_PALZ","GN_ 3",1
"HOL_TMB11","GN_ 3",1
"HOL_TRRB","GN_ 3",1
"HOL_TRRS","GN_ 3",1
"MAP_Q1","GN_ 3",1
"MMB_Q1","GN_ 3",1
"OFBG_Q1","GN_ 3",1
"SARR2_Q2","GN_ 3",1
"SARR6_Q1","GN_ 3",1
"SILL_Q2","GN_ 3",1
"VALK_Q2","GN_ 3",1
"VEN_Q1","GN_ 3",1
"VFH_Q2","GN_ 3",1
"VIGO_Q1","GN_ 3",1
"1AH_Q1","GN_ 4",1
"CUY_Q1","GN_ 4",1
"GENP_Q1","GN_ 4",1
"STF_Q1","GN_ 4",1
"202_Q1","GN_ 5",1
"563_Q1","GN_ 5",1
"587_Q1","GN_ 5",1
"ATTO_Q1","GN_ 5",1
"HOL_KORB","GN_ 5",1
"HOL_MB253","GN_ 5",1
"HOL_TATE","GN_ 5",1
"HOL_TMB12","GN_ 5",1
"HOL_TRMB32","GN_ 5",1
"HOL_WEDW","GN_ 5",1
"METZ_Q3","GN_ 5",1
"SARR2_Q1","GN_ 5",1
"VRIG_Q1","GN_ 5",1
"388_Q1","GN_ 6",1
"585_Q2","GN_ 6",1
"600_Q1","GN_ 6",1
"BGA_Q1","GN_ 6",1
"DMN1_Q1","GN_ 6",1
"MEK_Q1","GN_ 6",1
"NEW_Q1","GN_ 6",1
"NOVY_Q2","GN_ 6",1
"POM4_Q1","GN_ 6",1
"SWP_Q1","GN_ 6",1
"ABC_Q1","GN_ 7",1
"DIF_Q1","GN_ 7",1
"VEL_Q1","GN_ 7",1
"ALC_Q1","GN_ 8",1
"ALC_Q3","GN_ 8",1
"C5A_Q1","GN_ 8",1
"IJS_Q1","GN_ 8",1
"IWRD_Q1","GN_ 8",1
"MAV_Q1","GN_ 8",1
"NWH_Q1","GN_ 8",1
"RAT_Q1","GN_ 8",1
"SPR_Q1","GN_ 8",1
"VDMM_Q1","GN_ 8",1
"VDMWL_Q2","GN_ 8",1
"VEL_Q2","GN_ 8",1
"VOW_Q1","GN_ 8",1
"VZS_Q1","GN_ 8",1
"AZW_Q1","GN_ 9",1
"HRW_Q1","GN_ 9",1
"BAR_Q1","GN_10",1
"BHC_Q1","GN_10",1
"BJG_Q1","GN_10",1
"DEU_Q1","GN_10",1
"EMP_Q1","GN_10",1
"F1B_Q1","GN_10",1
"OSH_Q1","GN_10",1
"OSND_Q1","GN_10",1
"BECRWE","GN_11",1
"VFH_Q1","GN_11",1
"BOUX_Q1","GN_12",1
"BSN_Q1","GN_12",1
"DAMP_Q1","GN_12",1
"FLEV1_Q2","GN_12",1
"HOL_TITE","GN_12",1
"HOL_TRPB","GN_12",1
"ILLA_Q1","GN_12",1
"SAUL_Q1","GN_12",1
"TROY_Q1","GN_12",1
"VEND_Q1","GN_12",1
"VEND_Q3","GN_12",1
"VIGN_Q1","GN_12",1
"WARC_Q1","GN_12",1
"C4CRH_Q1","GN_13",1
"LRC_Q1","GN_13",1
"CAO_Q1","GN_14",1
"ZLF_Q1","GN_14",1
"DAAH_Q1","GN_15",1
"FLOR_Q2","GN_15",1
"FLOR_Q1","GN_16",1
"IALP_Q1","GN_16",1
"NOVY_Q1","GN_16",1
"HOL_AAHO","GN_17",1
"HOL_KMBQ","GN_17",1
"HOL_GKZB","GN_18",1
"HOL_KORH","GN_18",1
"HOL_LKBB","GN_18",1
"HORB1_Q1","GN_19",1
"HORB2_Q1","GN_19",1
"HORB3_Q1","GN_19",1
"SAND_Q1","GN_19",1
"068_Q1","CPM_K3_01",2
"068_Q2","CPM_K3_01",2
"195_Q1","CPM_K3_01",2
"1TN_Q1","CPM_K3_01",2
"202_Q1","CPM_K3_01",2
"BECRAA","CPM_K3_01",2
"BOUX_Q1","CPM_K3_01",2
"C4A_Q1","CPM_K3_01",2
"DMN1_Q3","CPM_K3_01",2
"ELT_Q1","CPM_K3_01",2
"FLEV1_Q1","CPM_K3_01",2
"HOK_Q1","CPM_K3_01",2
"HOL_KBMB","CPM_K3_01",2
"HOL_LKBB","CPM_K3_01",2
"HOL_LKSB","CPM_K3_01",2
"HOL_MBRU","CPM_K3_01",2
"HOL_MBUF","CPM_K3_01",2
"HOL_MRBR","CPM_K3_01",2
"HOL_PALZ","CPM_K3_01",2
"HOL_TMB12","CPM_K3_01",2
"HOL_TMB21","CPM_K3_01",2
"HOL_TRPB","CPM_K3_01",2
"HOL_TRRB","CPM_K3_01",2
"HOL_TRRS","CPM_K3_01",2
"HORB1_Q1","CPM_K3_01",2
"HORB2_Q1","CPM_K3_01",2
"HORB3_Q1","CPM_K3_01",2
"IWRD_Q1","CPM_K3_01",2
"MAP_Q1","CPM_K3_01",2
"MMB_Q1","CPM_K3_01",2
"OFBG_Q1","CPM_K3_01",2
"SAND_Q1","CPM_K3_01",2
"SARR6_Q1","CPM_K3_01",2
"SAUL_Q1","CPM_K3_01",2
"SILL_Q2","CPM_K3_01",2
"TROY_Q1","CPM_K3_01",2
"VALK_Q1","CPM_K3_01",2
"VALK_Q2","CPM_K3_01",2
"VDM2W_Q1","CPM_K3_01",2
"VDMLR_Q1","CPM_K3_01",2
"VDMLR_Q2","CPM_K3_01",2
"VDMWL_Q1","CPM_K3_01",2
"VDMWL_Q3","CPM_K3_01",2
"VEN_Q1","CPM_K3_01",2
"VFH_Q2","CPM_K3_01",2
"VIGO_Q1","CPM_K3_01",2
"VNW_Q1","CPM_K3_01",2
"VRW_Q1","CPM_K3_01",2
"388_Q1","CPM_K3_02",2
"585_Q2","CPM_K3_02",2
"600_Q1","CPM_K3_02",2
"DMN1_Q1","CPM_K3_02",2
"MEK_Q1","CPM_K3_02",2
"NOVY_Q2","CPM_K3_02",2
"ALC_Q1","CPM_K3_03",2
"C5A_Q1","CPM_K3_03",2
"SPR_Q1","CPM_K3_03",2
"VDMM_Q1","CPM_K3_03",2
"VDMWL_Q2","CPM_K3_03",2
"VEL_Q2","CPM_K3_03",2
"202_Q1","CPM_K3_04",2
"HOL_KORB","CPM_K3_04",2
"HOL_MB253","CPM_K3_04",2
"HOL_TATE","CPM_K3_04",2
"HOL_TRMB32","CPM_K3_04",2
"METZ_Q3","CPM_K3_04",2
"DEU_Q1","CPM_K3_05",2
"EMP_Q1","CPM_K3_05",2
"OSND_Q1","CPM_K3_05",2
"NEW_Q1","CPM_K3_06",2
"POM4_Q1","CPM_K3_06",2
"SWP_Q1","CPM_K3_06",2
"VDMWL_Q1","CPM_K3_06",2
"HOL_TITE","CPM_K3_07",2
"ILLA_Q1","CPM_K3_07",2
"TROY_Q1","CPM_K3_07",2
"068_Q1","CPM_K4_01",2
"195_Q1","CPM_K4_01",2
"1TN_Q1","CPM_K4_01",2
"BOUX_Q1","CPM_K4_01",2
"C4A_Q1","CPM_K4_01",2
"FLEV1_Q1","CPM_K4_01",2
"HOL_KBMB","CPM_K4_01",2
"HOL_LKBB","CPM_K4_01",2
"HOL_MBRU","CPM_K4_01",2
"HOL_MBUF","CPM_K4_01",2
"HOL_MRBR","CPM_K4_01",2
"HOL_TRRB","CPM_K4_01",2
"HOL_TRRS","CPM_K4_01",2
"SILL_Q2","CPM_K4_01",2
"TROY_Q1","CPM_K4_01",2
"VALK_Q2","CPM_K4_01",2
"VDM2W_Q1","CPM_K4_01",2
"VDMLR_Q1","CPM_K4_01",2
"VFH_Q2","CPM_K4_01",2
"VIGO_Q1","CPM_K4_01",2
"VNW_Q1","CPM_K4_01",2
"HOK_Q1","CPM_K4_02",2
"VALK_Q1","CPM_K4_02",2
"VDM2W_Q1","CPM_K4_02",2
"VDMLR_Q2","CPM_K4_02",2
"VDMWL_Q3","CPM_K4_02",2
"VNW_Q1","CPM_K4_02",2
"VRW_Q1","CPM_K4_02",2
"HOL_TRRB","CPM_K4_03",2
"HORB1_Q1","CPM_K4_03",2
"HORB2_Q1","CPM_K4_03",2
"HORB3_Q1","CPM_K4_03",2
"388_Q1","CPM_K4_04",2
"585_Q2","CPM_K4_04",2
"600_Q1","CPM_K4_04",2
"MEK_Q1","CPM_K4_04",2
"NOVY_Q2","CPM_K4_04",2
"068_Q1","CPM_K4_05",2
"068_Q2","CPM_K4_05",2
"HOL_TMB12","CPM_K4_05",2
"HOL_TMB21","CPM_K4_05",2
"195_Q1","CPM_K5_01",2
"C4A_Q1","CPM_K5_01",2
"HOL_KBMB","CPM_K5_01",2
"HOL_MBRU","CPM_K5_01",2
"HOL_MBUF","CPM_K5_01",2
"HOL_MRBR","CPM_K5_01",2
"HOL_TRRB","CPM_K5_01",2
"HOL_TRRS","CPM_K5_01",2
"VALK_Q2","CPM_K5_01",2
"VFH_Q2","CPM_K5_01",2
"1TN_Q1","CPM_K5_02",2
"HOL_MRBR","CPM_K5_02",2
"HOL_TRRB","CPM_K5_02",2
"VALK_Q2","CPM_K5_02",2
"VNW_Q1","CPM_K5_02",2
"068_Q1","GN_ 1",2
"068_Q2","GN_ 1",2
"1DH_Q1","GN_ 1",2
"ATTO_Q1","GN_ 1",2
"BECRAA","GN_ 1",2
"BECRKO","GN_ 1",2
"ELT_Q1","GN_ 1",2
"HOL_K9SA","GN_ 1",2
"HOL_LKSH","GN_ 1",2
"HOL_TMB12","GN_ 1",2
"HOL_TMB21","GN_ 1",2
"HOL_TMB22","GN_ 1",2
"LANG_Q1","GN_ 1",2
"068_Q3","GN_ 2",2
"1GDGem","GN_ 2",2
"HOK_Q1","GN_ 2",2
"VALK_Q1","GN_ 2",2
"VDM2W_Q1","GN_ 2",2
"VDML2_Q1","GN_ 2",2
"VDMLR_Q1","GN_ 2",2
"VDMLR_Q2","GN_ 2",2
"VDMWL_Q1","GN_ 2",2
"VDMWL_Q3","GN_ 2",2
"VNW_Q1","GN_ 2",2
"VRW_Q1","GN_ 2",2
"195_Q1","GN_ 3",2
"1TN_Q1","GN_ 3",2
"BOUX_Q1","GN_ 3",2
"BSN_Q1","GN_ 3",2
"C4A_Q1","GN_ 3",2
"DMN1_Q3","GN_ 3",2
"FLEV1_Q1","GN_ 3",2
"FLOR_Q2","GN_ 3",2
"HOL_GKZB","GN_ 3",2
"HOL_KBMB","GN_ 3",2
"HOL_KORH","GN_ 3",2
"HOL_LKBB","GN_ 3",2
"HOL_LKSB","GN_ 3",2
"HOL_MBRU","GN_ 3",2
"HOL_MBUF","GN_ 3",2
"HOL_MRBR","GN_ 3",2
"HOL_PALZ","GN_ 3",2
"HOL_TMB11","GN_ 3",2
"HOL_TRPB","GN_ 3",2
"HOL_TRRB","GN_ 3",2
"HOL_TRRS","GN_ 3",2
"HORB1_Q1","GN_ 3",2
"HORB2_Q1","GN_ 3",2
"HORB3_Q1","GN_ 3",2
"MAIR_Q1","GN_ 3",2
"MAP_Q1","GN_ 3",2
"MMB_Q1","GN_ 3",2
"OFBG_Q1","GN_ 3",2
"OSH_Q1","GN_ 3",2
"SAND_Q1","GN_ 3",2
"SARR2_Q2","GN_ 3",2
"SARR6_Q1","GN_ 3",2
"SAUL_Q1","GN_ 3",2
"SILL_Q2","GN_ 3",2
"TROY_Q1","GN_ 3",2
"VALK_Q2","GN_ 3",2
"VEN_Q1","GN_ 3",2
"VFH_Q2","GN_ 3",2
"VIGO_Q1","GN_ 3",2
"1AH_Q1","GN_ 4",2
"202_Q1","GN_ 4",2
"CUY_Q1","GN_ 4",2
"GENP_Q1","GN_ 4",2
"HOL_KORB","GN_ 4",2
"HOL_MB253","GN_ 4",2
"HOL_TATE","GN_ 4",2
"HOL_TRMB32","GN_ 4",2
"HOL_WEDW","GN_ 4",2
"METZ_Q3","GN_ 4",2
"SARR2_Q1","GN_ 4",2
"STF_Q1","GN_ 4",2
"388_Q1","GN_ 5",2
"585_Q2","GN_ 5",2
"600_Q1","GN_ 5",2
"DMN1_Q1","GN_ 5",2
"MEK_Q1","GN_ 5",2
"NOVY_Q2","GN_ 5",2
"POM3_Q1","GN_ 5",2
"563_Q1","GN_ 6",2
"587_Q1","GN_ 6",2
"VRIG_Q1","GN_ 6",2
"585_Q1","GN_ 7",2
"C4CRH_Q1","GN_ 7",2
"LRC_Q1","GN_ 7",2
"ABC_Q1","GN_ 8",2
"DIF_Q1","GN_ 8",2
"VEL_Q1","GN_ 8",2
"ALC_Q1","GN_ 9",2
"ALC_Q3","GN_ 9",2
"C5A_Q1","GN_ 9",2
"IJS_Q1","GN_ 9",2
"IWRD_Q1","GN_ 9",2
"MAV_Q1","GN_ 9",2
"NWH_Q1","GN_ 9",2
"RAT_Q1","GN_ 9",2
"SILL_Q1","GN_ 9",2
"SPR_Q1","GN_ 9",2
"VDMM_Q1","GN_ 9",2
"VDMWL_Q2","GN_ 9",2
"VEL_Q2","GN_ 9",2
"VOW_Q1","GN_ 9",2
"VZS_Q1","GN_ 9",2
"AZW_Q1","GN_10",2
"HRW_Q1","GN_10",2
"BAR_Q1","GN_11",2
"BGA_Q1","GN_11",2
"BHC_Q1","GN_11",2
"BJG_Q1","GN_11",2
"D2A_Q1","GN_11",2
"DAAH_Q1","GN_11",2
"DEU_Q1","GN_11",2
"DMN4_Q1","GN_11",2
"EMP_Q1","GN_11",2
"F1B_Q1","GN_11",2
"FLEVO_Q1","GN_11",2
"HER_Q1","GN_11",2
"LIW_Q1","GN_11",2
"NEW_Q1","GN_11",2
"OSND_Q1","GN_11",2
"POM4_Q1","GN_11",2
"SWP_Q1","GN_11",2
"BECRWE","GN_12",2
"VFH_Q1","GN_12",2
"CAO_Q1","GN_13",2
"ZLF_Q1","GN_13",2
"COS_Q1","GN_14",2
"DIK_Q1","GN_14",2
"DAMP_Q1","GN_15",2
"FLEV1_Q2","GN_15",2
"HOL_TITE","GN_15",2
"ILLA_Q1","GN_15",2
"VEND_Q1","GN_15",2
"VEND_Q3","GN_15",2
"VIGN_Q1","GN_15",2
"WARC_Q1","GN_15",2
"FLOR_Q1","GN_16",2
"IALP_Q1","GN_16",2
"LMH_Q1","GN_16",2
"NOVY_Q1","GN_16",2
"HBW_Q1","GN_17",2
"LMH_Q2","GN_17",2
"HOL_AAHO","GN_18",2
"HOL_KMBQ","GN_18",2
"HOL_MB259","GN_19",2
"HOL_MIWA","GN_19",2
"HOL_TWML","GN_19",2
"068_Q1","CPM_K3_01",3
"068_Q2","CPM_K3_01",3
"195_Q1","CPM_K3_01",3
"1DH_Q1","CPM_K3_01",3
"1GDGem","CPM_K3_01",3
"1TN_Q1","CPM_K3_01",3
"202_Q1","CPM_K3_01",3
"563_Q1","CPM_K3_01",3
"587_Q1","CPM_K3_01",3
"BECRAA","CPM_K3_01",3
"BECRKO","CPM_K3_01",3
"BECRWE","CPM_K3_01",3
"BHC_Q1","CPM_K3_01",3
"C4A_Q1","CPM_K3_01",3
"DAMP_Q1","CPM_K3_01",3
"DEU_Q1","CPM_K3_01",3
"DMN1_Q1","CPM_K3_01",3
"DMN1_Q3","CPM_K3_01",3
"ELT_Q1","CPM_K3_01",3
"EMP_Q1","CPM_K3_01",3
"F1B_Q1","CPM_K3_01",3
"FLEV1_Q1","CPM_K3_01",3
"FLOR_Q1","CPM_K3_01",3
"FLOR_Q2","CPM_K3_01",3
"HOK_Q1","CPM_K3_01",3
"HOL_AAHO","CPM_K3_01",3
"HOL_KBMB","CPM_K3_01",3
"HOL_KMBQ","CPM_K3_01",3
"HOL_KORB","CPM_K3_01",3
"HOL_LKBB","CPM_K3_01",3
"HOL_LKSB","CPM_K3_01",3
"HOL_MB253","CPM_K3_01",3
"HOL_MBRU","CPM_K3_01",3
"HOL_MBUF","CPM_K3_01",3
"HOL_MRBR","CPM_K3_01",3
"HOL_PALZ","CPM_K3_01",3
"HOL_SQUS","CPM_K3_01",3
"HOL_TATE","CPM_K3_01",3
"HOL_TMB11","CPM_K3_01",3
"HOL_TMB12","CPM_K3_01",3
"HOL_TRMB32","CPM_K3_01",3
"HOL_TRPB","CPM_K3_01",3
"HOL_TRRB","CPM_K3_01",3
"HOL_TRRS","CPM_K3_01",3
"HOL_WEDW","CPM_K3_01",3
"HORB1_Q1","CPM_K3_01",3
"HORB2_Q1","CPM_K3_01",3
"HORB3_Q1","CPM_K3_01",3
"IALP_Q1","CPM_K3_01",3
"MAP_Q1","CPM_K3_01",3
"METZ_Q3","CPM_K3_01",3
"MMB_Q1","CPM_K3_01",3
"NEW_Q1","CPM_K3_01",3
"NOVY_Q1","CPM_K3_01",3
"OFBG_Q1","CPM_K3_01",3
"OSH_Q1","CPM_K3_01",3
"OSND_Q1","CPM_K3_01",3
"POM4_Q1","CPM_K3_01",3
"SAND_Q1","CPM_K3_01",3
"SARR6_Q1","CPM_K3_01",3
"SAUL_Q1","CPM_K3_01",3
"SILL_Q2","CPM_K3_01",3
"SWP_Q1","CPM_K3_01",3
"TROY_Q1","CPM_K3_01",3
"VALK_Q1","CPM_K3_01",3
"VALK_Q2","CPM_K3_01",3
"VDM2W_Q1","CPM_K3_01",3
"VDMLR_Q1","CPM_K3_01",3
"VDMLR_Q2","CPM_K3_01",3
"VDMWL_Q1","CPM_K3_01",3
"VDMWL_Q3","CPM_K3_01",3
"VEN_Q1","CPM_K3_01",3
"VEND_Q1","CPM_K3_01",3
"VEND_Q3","CPM_K3_01",3
"VFH_Q1","CPM_K3_01",3
"VFH_Q2","CPM_K3_01",3
"VNW_Q1","CPM_K3_01",3
"VRW_Q1","CPM_K3_01",3
"ALC_Q1","CPM_K3_02",3
"BSN_Q1","CPM_K3_02",3
"C5A_Q1","CPM_K3_02",3
"ELS_Q1","CPM_K3_02",3
"IJS_Q1","CPM_K3_02",3
"LRB_Q1","CPM_K3_02",3
"NWH_Q1","CPM_K3_02",3
"SPR_Q1","CPM_K3_02",3
"VDMM_Q1","CPM_K3_02",3
"VDMWL_Q2","CPM_K3_02",3
"VEL_Q2","CPM_K3_02",3
"VOW_Q1","CPM_K3_02",3
"VZS_Q1","CPM_K3_02",3
"HOL_TITE","CPM_K3_03",3
"ILLA_Q1","CPM_K3_03",3
"TROY_Q1","CPM_K3_03",3
"CAO_Q1","CPM_K3_04",3
"OSP_Q1","CPM_K3_04",3
"RAT_Q1","CPM_K3_04",3
"ZLF_Q1","CPM_K3_04",3
"388_Q1","CPM_K3_05",3
"600_Q1","CPM_K3_05",3
"DMN1_Q1","CPM_K3_05",3
"MB_Q1","CPM_K3_05",3
"MEK_Q1","CPM_K3_05",3
"NOVY_Q2","CPM_K3_05",3
"ABC_Q1","CPM_K3_06",3
"DIF_Q1","CPM_K3_06",3
"WEF_Q1","CPM_K3_06",3
"1AH_Q1","CPM_K3_07",3
"CUY_Q1","CPM_K3_07",3
"GENP_Q1","CPM_K3_07",3
"068_Q1","CPM_K4_01",3
"068_Q2","CPM_K4_01",3
"195_Q1","CPM_K4_01",3
"1DH_Q1","CPM_K4_01",3
"1GDGem","CPM_K4_01",3
"1TN_Q1","CPM_K4_01",3
"563_Q1","CPM_K4_01",3
"587_Q1","CPM_K4_01",3
"BECRAA","CPM_K4_01",3
"BECRKO","CPM_K4_01",3
"C4A_Q1","CPM_K4_01",3
"DMN1_Q3","CPM_K4_01",3
"ELT_Q1","CPM_K4_01",3
"FLEV1_Q1","CPM_K4_01",3
"FLOR_Q2","CPM_K4_01",3
"HOL_AAHO","CPM_K4_01",3
"HOL_KBMB","CPM_K4_01",3
"HOL_LKBB","CPM_K4_01",3
"HOL_LKSB","CPM_K4_01",3
"HOL_MBRU","CPM_K4_01",3
"HOL_MBUF","CPM_K4_01",3
"HOL_MRBR","CPM_K4_01",3
"HOL_PALZ","CPM_K4_01",3
"HOL_TMB12","CPM_K4_01",3
"HOL_TRRB","CPM_K4_01",3
"HOL_TRRS","CPM_K4_01",3
"HORB3_Q1","CPM_K4_01",3
"IALP_Q1","CPM_K4_01",3
"MAP_Q1","CPM_K4_01",3
"MMB_Q1","CPM_K4_01",3
"SARR6_Q1","CPM_K4_01",3
"SILL_Q2","CPM_K4_01",3
"TROY_Q1","CPM_K4_01",3
"VALK_Q1","CPM_K4_01",3
"VALK_Q2","CPM_K4_01",3
"VDM2W_Q1","CPM_K4_01",3
"VDMLR_Q1","CPM_K4_01",3
"VDMLR_Q2","CPM_K4_01",3
"VDMWL_Q1","CPM_K4_01",3
"VDMWL_Q3","CPM_K4_01",3
"VEN_Q1","CPM_K4_01",3
"VFH_Q2","CPM_K4_01",3
"VNW_Q1","CPM_K4_01",3
"VRW_Q1","CPM_K4_01",3
"ALC_Q1","CPM_K4_02",3
"C5A_Q1","CPM_K4_02",3
"LRB_Q1","CPM_K4_02",3
"SPR_Q1","CPM_K4_02",3
"VDMWL_Q2","CPM_K4_02",3
"VEL_Q2","CPM_K4_02",3
"VZS_Q1","CPM_K4_02",3
"HOL_TRRB","CPM_K4_03",3
"HORB1_Q1","CPM_K4_03",3
"HORB2_Q1","CPM_K4_03",3
"HORB3_Q1","CPM_K4_03",3
"202_Q1","CPM_K4_04",3
"HOL_KORB","CPM_K4_04",3
"HOL_MB253","CPM_K4_04",3
"HOL_TATE","CPM_K4_04",3
"HOL_TMB12","CPM_K4_04",3
"IALP_Q1","CPM_K4_05",3
"NOVY_Q1","CPM_K4_05",3
"SILL_Q2","CPM_K4_05",3
"TROY_Q1","CPM_K4_05",3
"DEU_Q1","CPM_K4_06",3
"EMP_Q1","CPM_K4_06",3
"NEW_Q1","CPM_K4_06",3
"OSND_Q1","CPM_K4_06",3
"068_Q1","CPM_K5_01",3
"195_Q1","CPM_K5_01",3
"1DH_Q1","CPM_K5_01",3
"1GDGem","CPM_K5_01",3
"1TN_Q1","CPM_K5_01",3
"587_Q1","CPM_K5_01",3
"C4A_Q1","CPM_K5_01",3
"DMN1_Q3","CPM_K5_01",3
"ELT_Q1","CPM_K5_01",3
"FLEV1_Q1","CPM_K5_01",3
"HOL_AAHO","CPM_K5_01",3
"HOL_KBMB","CPM_K5_01",3
"HOL_LKBB","CPM_K5_01",3
"HOL_LKSB","CPM_K5_01",3
"HOL_MBRU","CPM_K5_01",3
"HOL_MBUF","CPM_K5_01",3
"HOL_MRBR","CPM_K5_01",3
"HOL_PALZ","CPM_K5_01",3
"HOL_TRRB","CPM_K5_01",3
"HOL_TRRS","CPM_K5_01",3
"HORB3_Q1","CPM_K5_01",3
"SILL_Q2","CPM_K5_01",3
"VALK_Q2","CPM_K5_01",3
"VDM2W_Q1","CPM_K5_01",3
"VDMLR_Q1","CPM_K5_01",3
"VEN_Q1","CPM_K5_01",3
"VFH_Q2","CPM_K5_01",3
"VNW_Q1","CPM_K5_01",3
"VRW_Q1","CPM_K5_01",3
"1GDGem","CPM_K5_02",3
"VALK_Q1","CPM_K5_02",3
"VDM2W_Q1","CPM_K5_02",3
"VNW_Q1","CPM_K5_02",3
"VRW_Q1","CPM_K5_02",3
"VALK_Q1","CPM_K5_03",3
"VDM2W_Q1","CPM_K5_03",3
"VDMLR_Q2","CPM_K5_03",3
"VDMWL_Q1","CPM_K5_03",3
"VNW_Q1","CPM_K5_03",3
"068_Q1","CPM_K6_01",3
"195_Q1","CPM_K6_01",3
"1DH_Q1","CPM_K6_01",3
"1TN_Q1","CPM_K6_01",3
"C4A_Q1","CPM_K6_01",3
"DMN1_Q3","CPM_K6_01",3
"ELT_Q1","CPM_K6_01",3
"HOL_KBMB","CPM_K6_01",3
"HOL_LKBB","CPM_K6_01",3
"HOL_LKSB","CPM_K6_01",3
"HOL_MBUF","CPM_K6_01",3
"HOL_MRBR","CPM_K6_01",3
"HOL_PALZ","CPM_K6_01",3
"HOL_TRRB","CPM_K6_01",3
"HOL_TRRS","CPM_K6_01",3
"HORB3_Q1","CPM_K6_01",3
"VALK_Q2","CPM_K6_01",3
"VDM2W_Q1","CPM_K6_01",3
"VDMLR_Q1","CPM_K6_01",3
"VEN_Q1","CPM_K6_01",3
"VFH_Q2","CPM_K6_01",3
"VNW_Q1","CPM_K6_01",3
"068_Q1","CPM_K7_01",3
"C4A_Q1","CPM_K7_01",3
"DMN1_Q3","CPM_K7_01",3
"HOL_KBMB","CPM_K7_01",3
"HOL_LKBB","CPM_K7_01",3
"HOL_LKSB","CPM_K7_01",3
"HOL_MRBR","CPM_K7_01",3
"HOL_TRRB","CPM_K7_01",3
"HOL_TRRS","CPM_K7_01",3
"VFH_Q2","CPM_K7_01",3
"068_Q1","CPM_K8_01",3
"C4A_Q1","CPM_K8_01",3
"DMN1_Q3","CPM_K8_01",3
"HOL_KBMB","CPM_K8_01",3
"HOL_LKBB","CPM_K8_01",3
"HOL_LKSB","CPM_K8_01",3
"HOL_MRBR","CPM_K8_01",3
"VFH_Q2","CPM_K8_01",3
"068_Q1","GN_ 1",3
"068_Q2","GN_ 1",3
"195_Q1","GN_ 1",3
"1DH_Q1","GN_ 1",3
"1GDGem","GN_ 1",3
"1TN_Q1","GN_ 1",3
"563_Q1","GN_ 1",3
"587_Q1","GN_ 1",3
"BECRAA","GN_ 1",3
"BECRKO","GN_ 1",3
"BECRWE","GN_ 1",3
"C4A_Q1","GN_ 1",3
"DMN1_Q3","GN_ 1",3
"ELT_Q1","GN_ 1",3
"FLEV1_Q1","GN_ 1",3
"FLOR_Q2","GN_ 1",3
"GMW_Q1","GN_ 1",3
"HOL_AAHO","GN_ 1",3
"HOL_BDN2","GN_ 1",3
"HOL_KBMB","GN_ 1",3
"HOL_KMBQ","GN_ 1",3
"HOL_LKBB","GN_ 1",3
"HOL_LKSB","GN_ 1",3
"HOL_LKSH","GN_ 1",3
"HOL_MBRU","GN_ 1",3
"HOL_MBUF","GN_ 1",3
"HOL_MRBR","GN_ 1",3
"HOL_PALZ","GN_ 1",3
"HOL_SQUS","GN_ 1",3
"HOL_TMB11","GN_ 1",3
"HOL_TRRB","GN_ 1",3
"HOL_TRRS","GN_ 1",3
"HORB1_Q1","GN_ 1",3
"HORB2_Q1","GN_ 1",3
"HORB3_Q1","GN_ 1",3
"LANG_Q1","GN_ 1",3
"MAP_Q1","GN_ 1",3
"MMB_Q1","GN_ 1",3
"OFBG_Q1","GN_ 1",3
"SAND_Q1","GN_ 1",3
"SARR2_Q2","GN_ 1",3
"SARR6_Q1","GN_ 1",3
"VALK_Q1","GN_ 1",3
"VALK_Q2","GN_ 1",3
"VDM2W_Q1","GN_ 1",3
"VDMLR_Q1","GN_ 1",3
"VDMWL_Q3","GN_ 1",3
"VEN_Q1","GN_ 1",3
"VEND_Q3","GN_ 1",3
"VFH_Q1","GN_ 1",3
"VFH_Q2","GN_ 1",3
"VIGO_Q1","GN_ 1",3
"VNW_Q1","GN_ 1",3
"VRIG_Q1","GN_ 1",3
"VRW_Q1","GN_ 1",3
"068_Q3","GN_ 2",3
"VDMLR_Q2","GN_ 2",3
"VDMWL_Q1","GN_ 2",3
"189_Q1","GN_ 3",3
"388_Q1","GN_ 3",3
"585_Q1","GN_ 3",3
"585_Q2","GN_ 3",3
"600_Q1","GN_ 3",3
"BAR_Q1","GN_ 3",3
"BJG_Q1","GN_ 3",3
"DMN1_Q1","GN_ 3",3
"DMN1_Q2","GN_ 3",3
"HOK_Q1","GN_ 3",3
"MB_Q1","GN_ 3",3
"MEK_Q1","GN_ 3",3
"MMB_Q2","GN_ 3",3
"NOVY_Q2","GN_ 3",3
"POM3_Q1","GN_ 3",3
"POM4_Q1","GN_ 3",3
"VFH_Q3","GN_ 3",3
"1AH_Q1","GN_ 4",3
"CUY_Q1","GN_ 4",3
"DIK_Q1","GN_ 4",3
"GENP_Q1","GN_ 4",3
"STF_Q1","GN_ 4",3
"WHN_Q1","GN_ 4",3
"202_Q1","GN_ 5",3
"ATTO_Q1","GN_ 5",3
"HOL_KORB","GN_ 5",3
"HOL_MB253","GN_ 5",3
"HOL_TATE","GN_ 5",3
"HOL_TMB12","GN_ 5",3
"HOL_TRMB32","GN_ 5",3
"HOL_WEDW","GN_ 5",3
"METZ_Q3","GN_ 5",3
"SARR2_Q1","GN_ 5",3
"ABC_Q1","GN_ 6",3
"DIF_Q1","GN_ 6",3
"VEL_Q1","GN_ 6",3
"WEF_Q1","GN_ 6",3
"ALC_Q1","GN_ 7",3
"BSN_Q1","GN_ 7",3
"C5A_Q1","GN_ 7",3
"ELS_Q1","GN_ 7",3
"IJS_Q1","GN_ 7",3
"LRB_Q1","GN_ 7",3
"NWH_Q1","GN_ 7",3
"SPR_Q1","GN_ 7",3
"VDMM_Q1","GN_ 7",3
"VDMWL_Q2","GN_ 7",3
"VEL_Q2","GN_ 7",3
"VZS_Q1","GN_ 7",3
"ALC_Q3","GN_ 8",3
"CAO_Q1","GN_ 8",3
"IWRD_Q1","GN_ 8",3
"MAV_Q1","GN_ 8",3
"OSP_Q1","GN_ 8",3
"RAT_Q1","GN_ 8",3
"VOW_Q1","GN_ 8",3
"ZLF_Q1","GN_ 8",3
"AZW_Q1","GN_ 9",3
"BAW_Q1","GN_ 9",3
"BGA_Q1","GN_ 9",3
"BHC_Q1","GN_ 9",3
"D2A_Q1","GN_ 9",3
"DAAH_Q1","GN_ 9",3
"DEU_Q1","GN_ 9",3
"DMN4_Q1","GN_ 9",3
"EMP_Q1","GN_ 9",3
"F1B_Q1","GN_ 9",3
"HRW_Q1","GN_ 9",3
"LMH_Q1","GN_ 9",3
"NEW_Q1","GN_ 9",3
"OSND_Q1","GN_ 9",3
"SWP_Q1","GN_ 9",3
"BECRMA","GN_10",3
"BECRRB","GN_10",3
"BECRSB","GN_10",3
"BOUX_Q1","GN_11",3
"DAMP_Q1","GN_11",3
"FLEV1_Q2","GN_11",3
"FLOR_Q1","GN_11",3
"HOL_TITE","GN_11",3
"HOL_TRPB","GN_11",3
"IALP_Q1","GN_11",3
"ILLA_Q1","GN_11",3
"NOVY_Q1","GN_11",3
"OSH_Q1","GN_11",3
"SAUL_Q1","GN_11",3
"SILL_Q2","GN_11",3
"TROY_Q1","GN_11",3
"VEND_Q1","GN_11",3
"VIGN_Q1","GN_11",3
"WARC_Q1","GN_11",3
"C4CRH_Q1","GN_12",3
"LRC_Q1","GN_12",3
"HOK_Q2","GN_13",3
"RHH_Q1","GN_13",3
"HOL_GKZB","GN_14",3
"HOL_KORH","GN_14",3
"068_Q1","CPM_K3_01",4
"068_Q2","CPM_K3_01",4
"195_Q1","CPM_K3_01",4
"1DH_Q1","CPM_K3_01",4
"1GDGem","CPM_K3_01",4
"1TN_Q1","CPM_K3_01",4
"202_Q1","CPM_K3_01",4
"563_Q1","CPM_K3_01",4
"587_Q1","CPM_K3_01",4
"BECRAA","CPM_K3_01",4
"BECRKO","CPM_K3_01",4
"BECRWE","CPM_K3_01",4
"BHC_Q1","CPM_K3_01",4
"BOUX_Q1","CPM_K3_01",4
"C4A_Q1","CPM_K3_01",4
"DAMP_Q1","CPM_K3_01",4
"DEU_Q1","CPM_K3_01",4
"DMN1_Q1","CPM_K3_01",4
"DMN1_Q3","CPM_K3_01",4
"ELT_Q1","CPM_K3_01",4
"EMP_Q1","CPM_K3_01",4
"F1B_Q1","CPM_K3_01",4
"FLEV1_Q1","CPM_K3_01",4
"FLOR_Q1","CPM_K3_01",4
"FLOR_Q2","CPM_K3_01",4
"HOK_Q1","CPM_K3_01",4
"HOL_AAHO","CPM_K3_01",4
"HOL_KBMB","CPM_K3_01",4
"HOL_KMBQ","CPM_K3_01",4
"HOL_KORB","CPM_K3_01",4
"HOL_KORH","CPM_K3_01",4
"HOL_LKBB","CPM_K3_01",4
"HOL_LKSB","CPM_K3_01",4
"HOL_LKSH","CPM_K3_01",4
"HOL_MB253","CPM_K3_01",4
"HOL_MBRU","CPM_K3_01",4
"HOL_MBUF","CPM_K3_01",4
"HOL_MRBR","CPM_K3_01",4
"HOL_PALZ","CPM_K3_01",4
"HOL_SQUS","CPM_K3_01",4
"HOL_TATE","CPM_K3_01",4
"HOL_TMB11","CPM_K3_01",4
"HOL_TMB12","CPM_K3_01",4
"HOL_TMB21","CPM_K3_01",4
"HOL_TMB22","CPM_K3_01",4
"HOL_TRMB32","CPM_K3_01",4
"HOL_TRPB","CPM_K3_01",4
"HOL_TRRB","CPM_K3_01",4
"HOL_TRRS","CPM_K3_01",4
"HOL_WEDE","CPM_K3_01",4
"HOL_WEDW","CPM_K3_01",4
"HORB1_Q1","CPM_K3_01",4
"HORB2_Q1","CPM_K3_01",4
"HORB3_Q1","CPM_K3_01",4
"IALP_Q1","CPM_K3_01",4
"IWRD_Q1","CPM_K3_01",4
"MAP_Q1","CPM_K3_01",4
"METZ_Q3","CPM_K3_01",4
"MMB_Q1","CPM_K3_01",4
"NEW_Q1","CPM_K3_01",4
"NOVY_Q1","CPM_K3_01",4
"OFBG_Q1","CPM_K3_01",4
"OSH_Q1","CPM_K3_01",4
"OSND_Q1","CPM_K3_01",4
"POM4_Q1","CPM_K3_01",4
"SAND_Q1","CPM_K3_01",4
"SARR6_Q1","CPM_K3_01",4
"SAUL_Q1","CPM_K3_01",4
"SILL_Q2","CPM_K3_01",4
"SWP_Q1","CPM_K3_01",4
"TROY_Q1","CPM_K3_01",4
"VALK_Q1","CPM_K3_01",4
"VALK_Q2","CPM_K3_01",4
"VDM2W_Q1","CPM_K3_01",4
"VDMLR_Q1","CPM_K3_01",4
"VDMLR_Q2","CPM_K3_01",4
"VDMWL_Q1","CPM_K3_01",4
"VDMWL_Q3","CPM_K3_01",4
"VEN_Q1","CPM_K3_01",4
"VEND_Q1","CPM_K3_01",4
"VEND_Q3","CPM_K3_01",4
"VFH_Q1","CPM_K3_01",4
"VFH_Q2","CPM_K3_01",4
"VIGO_Q1","CPM_K3_01",4
"VNW_Q1","CPM_K3_01",4
"VRW_Q1","CPM_K3_01",4
"ALC_Q1","CPM_K3_02",4
"BSN_Q1","CPM_K3_02",4
"C5A_Q1","CPM_K3_02",4
"ELS_Q1","CPM_K3_02",4
"IJS_Q1","CPM_K3_02",4
"LRB_Q1","CPM_K3_02",4
"NWH_Q1","CPM_K3_02",4
"SPR_Q1","CPM_K3_02",4
"VDMM_Q1","CPM_K3_02",4
"VDMWL_Q2","CPM_K3_02",4
"VEL_Q2","CPM_K3_02",4
"VOW_Q1","CPM_K3_02",4
"VZS_Q1","CPM_K3_02",4
"388_Q1","CPM_K3_03",4
"585_Q2","CPM_K3_03",4
"600_Q1","CPM_K3_03",4
"DMN1_Q1","CPM_K3_03",4
"MB_Q1","CPM_K3_03",4
"MEK_Q1","CPM_K3_03",4
"NOVY_Q2","CPM_K3_03",4
"HOL_TITE","CPM_K3_04",4
"ILLA_Q1","CPM_K3_04",4
"TROY_Q1","CPM_K3_04",4
"ABC_Q1","CPM_K3_05",4
"DIF_Q1","CPM_K3_05",4
"WEF_Q1","CPM_K3_05",4
"1AH_Q1","CPM_K3_06",4
"CUY_Q1","CPM_K3_06",4
"GENP_Q1","CPM_K3_06",4
"CAO_Q1","CPM_K3_07",4
"OSP_Q1","CPM_K3_07",4
"RAT_Q1","CPM_K3_07",4
"ZLF_Q1","CPM_K3_07",4
"ATTO_Q1","CPM_K3_08",4
"HOL_KBMB","CPM_K3_08",4
"HOL_WEDE","CPM_K3_08",4
"068_Q1","CPM_K4_01",4
"068_Q2","CPM_K4_01",4
"195_Q1","CPM_K4_01",4
"1DH_Q1","CPM_K4_01",4
"1GDGem","CPM_K4_01",4
"1TN_Q1","CPM_K4_01",4
"202_Q1","CPM_K4_01",4
"563_Q1","CPM_K4_01",4
"587_Q1","CPM_K4_01",4
"BECRAA","CPM_K4_01",4
"BECRKO","CPM_K4_01",4
"BOUX_Q1","CPM_K4_01",4
"C4A_Q1","CPM_K4_01",4
"DMN1_Q3","CPM_K4_01",4
"ELT_Q1","CPM_K4_01",4
"FLEV1_Q1","CPM_K4_01",4
"FLOR_Q2","CPM_K4_01",4
"HOK_Q1","CPM_K4_01",4
"HOL_AAHO","CPM_K4_01",4
"HOL_KBMB","CPM_K4_01",4
"HOL_LKBB","CPM_K4_01",4
"HOL_LKSB","CPM_K4_01",4
"HOL_MBRU","CPM_K4_01",4
"HOL_MBUF","CPM_K4_01",4
"HOL_MRBR","CPM_K4_01",4
"HOL_PALZ","CPM_K4_01",4
"HOL_TMB12","CPM_K4_01",4
"HOL_TRPB","CPM_K4_01",4
"HOL_TRRB","CPM_K4_01",4
"HOL_TRRS","CPM_K4_01",4
"HORB3_Q1","CPM_K4_01",4
"IALP_Q1","CPM_K4_01",4
"MAP_Q1","CPM_K4_01",4
"MMB_Q1","CPM_K4_01",4
"SARR6_Q1","CPM_K4_01",4
"SILL_Q2","CPM_K4_01",4
"TROY_Q1","CPM_K4_01",4
"VALK_Q1","CPM_K4_01",4
"VALK_Q2","CPM_K4_01",4
"VDM2W_Q1","CPM_K4_01",4
"VDMLR_Q1","CPM_K4_01",4
"VDMLR_Q2","CPM_K4_01",4
"VDMWL_Q1","CPM_K4_01",4
"VDMWL_Q3","CPM_K4_01",4
"VEN_Q1","CPM_K4_01",4
"VFH_Q2","CPM_K4_01",4
"VIGO_Q1","CPM_K4_01",4
"VNW_Q1","CPM_K4_01",4
"VRW_Q1","CPM_K4_01",4
"IALP_Q1","CPM_K4_02",4
"NOVY_Q1","CPM_K4_02",4
"SILL_Q2","CPM_K4_02",4
"TROY_Q1","CPM_K4_02",4
"ALC_Q1","CPM_K4_03",4
"C5A_Q1","CPM_K4_03",4
"LRB_Q1","CPM_K4_03",4
"SPR_Q1","CPM_K4_03",4
"VDMM_Q1","CPM_K4_03",4
"VDMWL_Q2","CPM_K4_03",4
"VEL_Q2","CPM_K4_03",4
"VZS_Q1","CPM_K4_03",4
"388_Q1","CPM_K4_04",4
"585_Q2","CPM_K4_04",4
"600_Q1","CPM_K4_04",4
"DMN1_Q1","CPM_K4_04",4
"MEK_Q1","CPM_K4_04",4
"NOVY_Q2","CPM_K4_04",4
"068_Q1","CPM_K4_05",4
"068_Q2","CPM_K4_05",4
"HOL_TMB12","CPM_K4_05",4
"HOL_TMB21","CPM_K4_05",4
"DEU_Q1","CPM_K4_06",4
"EMP_Q1","CPM_K4_06",4
"NEW_Q1","CPM_K4_06",4
"OSND_Q1","CPM_K4_06",4
"202_Q1","CPM_K4_07",4
"HOL_KORB","CPM_K4_07",4
"HOL_MB253","CPM_K4_07",4
"HOL_TATE","CPM_K4_07",4
"HOL_TMB12","CPM_K4_07",4
"METZ_Q3","CPM_K4_07",4
"HOL_TRRB","CPM_K4_08",4
"HORB1_Q1","CPM_K4_08",4
"HORB2_Q1","CPM_K4_08",4
"HORB3_Q1","CPM_K4_08",4
"SAND_Q1","CPM_K4_08",4
"068_Q1","CPM_K5_01",4
"195_Q1","CPM_K5_01",4
"1DH_Q1","CPM_K5_01",4
"1GDGem","CPM_K5_01",4
"1TN_Q1","CPM_K5_01",4
"587_Q1","CPM_K5_01",4
"C4A_Q1","CPM_K5_01",4
"DMN1_Q3","CPM_K5_01",4
"ELT_Q1","CPM_K5_01",4
"FLEV1_Q1","CPM_K5_01",4
"FLOR_Q2","CPM_K5_01",4
"HOL_AAHO","CPM_K5_01",4
"HOL_KBMB","CPM_K5_01",4
"HOL_LKBB","CPM_K5_01",4
"HOL_LKSB","CPM_K5_01",4
"HOL_MBRU","CPM_K5_01",4
"HOL_MBUF","CPM_K5_01",4
"HOL_MRBR","CPM_K5_01",4
"HOL_PALZ","CPM_K5_01",4
"HOL_TRRB","CPM_K5_01",4
"HOL_TRRS","CPM_K5_01",4
"HORB3_Q1","CPM_K5_01",4
"SILL_Q2","CPM_K5_01",4
"TROY_Q1","CPM_K5_01",4
"VALK_Q2","CPM_K5_01",4
"VDM2W_Q1","CPM_K5_01",4
"VDMLR_Q1","CPM_K5_01",4
"VEN_Q1","CPM_K5_01",4
"VFH_Q2","CPM_K5_01",4
"VIGO_Q1","CPM_K5_01",4
"VNW_Q1","CPM_K5_01",4
"VRW_Q1","CPM_K5_01",4
"1GDGem","CPM_K5_02",4
"VALK_Q1","CPM_K5_02",4
"VDM2W_Q1","CPM_K5_02",4
"VNW_Q1","CPM_K5_02",4
"VRW_Q1","CPM_K5_02",4
"VALK_Q1","CPM_K5_03",4
"VDM2W_Q1","CPM_K5_03",4
"VDMLR_Q2","CPM_K5_03",4
"VDMWL_Q1","CPM_K5_03",4
"VNW_Q1","CPM_K5_03",4
"068_Q1","CPM_K6_01",4
"195_Q1","CPM_K6_01",4
"1DH_Q1","CPM_K6_01",4
"1TN_Q1","CPM_K6_01",4
"C4A_Q1","CPM_K6_01",4
"DMN1_Q3","CPM_K6_01",4
"ELT_Q1","CPM_K6_01",4
"HOL_KBMB","CPM_K6_01",4
"HOL_LKBB","CPM_K6_01",4
"HOL_LKSB","CPM_K6_01",4
"HOL_MBUF","CPM_K6_01",4
"HOL_MRBR","CPM_K6_01",4
"HOL_PALZ","CPM_K6_01",4
"HOL_TRRB","CPM_K6_01",4
"HOL_TRRS","CPM_K6_01",4
"HORB3_Q1","CPM_K6_01",4
"SILL_Q2","CPM_K6_01",4
"VALK_Q2","CPM_K6_01",4
"VDM2W_Q1","CPM_K6_01",4
"VDMLR_Q1","CPM_K6_01",4
"VEN_Q1","CPM_K6_01",4
"VFH_Q2","CPM_K6_01",4
"VNW_Q1","CPM_K6_01",4
"195_Q1","CPM_K6_02",4
"C4A_Q1","CPM_K6_02",4
"FLEV1_Q1","CPM_K6_02",4
"HOL_PALZ","CPM_K6_02",4
"VFH_Q2","CPM_K6_02",4
"VIGO_Q1","CPM_K6_02",4
"068_Q1","CPM_K7_01",4
"C4A_Q1","CPM_K7_01",4
"DMN1_Q3","CPM_K7_01",4
"HOL_KBMB","CPM_K7_01",4
"HOL_LKBB","CPM_K7_01",4
"HOL_LKSB","CPM_K7_01",4
"HOL_MBUF","CPM_K7_01",4
"HOL_MRBR","CPM_K7_01",4
"HOL_PALZ","CPM_K7_01",4
"HOL_TRRB","CPM_K7_01",4
"HOL_TRRS","CPM_K7_01",4
"HORB3_Q1","CPM_K7_01",4
"VFH_Q2","CPM_K7_01",4
"068_Q1","CPM_K8_01",4
"C4A_Q1","CPM_K8_01",4
"DMN1_Q3","CPM_K8_01",4
"HOL_KBMB","CPM_K8_01",4
"HOL_MRBR","CPM_K8_01",4
"HOL_TRRB","CPM_K8_01",4
"HOL_TRRS","CPM_K8_01",4
"VFH_Q2","CPM_K8_01",4
"068_Q1","CPM_K8_02",4
"C4A_Q1","CPM_K8_02",4
"DMN1_Q3","CPM_K8_02",4
"HOL_KBMB","CPM_K8_02",4
"HOL_LKBB","CPM_K8_02",4
"HOL_LKSB","CPM_K8_02",4
"HOL_MRBR","CPM_K8_02",4
"VFH_Q2","CPM_K8_02",4
"068_Q1","GN_ 1",4
"068_Q2","GN_ 1",4
"195_Q1","GN_ 1",4
"1DH_Q1","GN_ 1",4
"1GDGem","GN_ 1",4
"1TN_Q1","GN_ 1",4
"587_Q1","GN_ 1",4
"BECRAA","GN_ 1",4
"BECRKO","GN_ 1",4
"BECRWE","GN_ 1",4
"BOUX_Q1","GN_ 1",4
"C4A_Q1","GN_ 1",4
"DMN1_Q3","GN_ 1",4
"ELT_Q1","GN_ 1",4
"FLEV1_Q1","GN_ 1",4
"FLOR_Q2","GN_ 1",4
"GMW_Q1","GN_ 1",4
"HOL_AAHO","GN_ 1",4
"HOL_BDN2","GN_ 1",4
"HOL_GKZB","GN_ 1",4
"HOL_KBMB","GN_ 1",4
"HOL_KMBQ","GN_ 1",4
"HOL_KORH","GN_ 1",4
"HOL_LKBB","GN_ 1",4
"HOL_LKSB","GN_ 1",4
"HOL_MBRU","GN_ 1",4
"HOL_MBUF","GN_ 1",4
"HOL_MRBR","GN_ 1",4
"HOL_PALZ","GN_ 1",4
"HOL_SQUS","GN_ 1",4
"HOL_TMB11","GN_ 1",4
"HOL_TRPB","GN_ 1",4
"HOL_TRRB","GN_ 1",4
"HOL_TRRS","GN_ 1",4
"HORB1_Q1","GN_ 1",4
"HORB2_Q1","GN_ 1",4
"HORB3_Q1","GN_ 1",4
"LANG_Q1","GN_ 1",4
"MAP_Q1","GN_ 1",4
"MMB_Q1","GN_ 1",4
"OFBG_Q1","GN_ 1",4
"OSH_Q1","GN_ 1",4
"SAND_Q1","GN_ 1",4
"SARR2_Q2","GN_ 1",4
"SARR6_Q1","GN_ 1",4
"VALK_Q2","GN_ 1",4
"VDMLR_Q1","GN_ 1",4
"VEN_Q1","GN_ 1",4
"VEND_Q3","GN_ 1",4
"VFH_Q1","GN_ 1",4
"VFH_Q2","GN_ 1",4
"VIGO_Q1","GN_ 1",4
"VNW_Q1","GN_ 1",4
"068_Q3","GN_ 2",4
"HOK_Q1","GN_ 2",4
"VALK_Q1","GN_ 2",4
"VDM2W_Q1","GN_ 2",4
"VDML2_Q1","GN_ 2",4
"VDMLR_Q2","GN_ 2",4
"VDMWL_Q1","GN_ 2",4
"VDMWL_Q3","GN_ 2",4
"VRW_Q1","GN_ 2",4
"189_Q1","GN_ 3",4
"388_Q1","GN_ 3",4
"585_Q1","GN_ 3",4
"585_Q2","GN_ 3",4
"600_Q1","GN_ 3",4
"BAR_Q1","GN_ 3",4
"BJG_Q1","GN_ 3",4
"C4CRH_Q1","GN_ 3",4
"DMN1_Q1","GN_ 3",4
"DMN1_Q2","GN_ 3",4
"LIW_Q1","GN_ 3",4
"LRC_Q1","GN_ 3",4
"MB_Q1","GN_ 3",4
"MEK_Q1","GN_ 3",4
"MMB_Q2","GN_ 3",4
"NOVY_Q2","GN_ 3",4
"POM3_Q1","GN_ 3",4
"VFH_Q3","GN_ 3",4
"1AH_Q1","GN_ 4",4
"COS_Q1","GN_ 4",4
"CUY_Q1","GN_ 4",4
"DIK_Q1","GN_ 4",4
"GENP_Q1","GN_ 4",4
"STF_Q1","GN_ 4",4
"WHN_Q1","GN_ 4",4
"202_Q1","GN_ 5",4
"563_Q1","GN_ 5",4
"ATTO_Q1","GN_ 5",4
"HOL_K9SA","GN_ 5",4
"HOL_KORB","GN_ 5",4
"HOL_LKSH","GN_ 5",4
"HOL_MB253","GN_ 5",4
"HOL_TATE","GN_ 5",4
"HOL_TMB12","GN_ 5",4
"HOL_TMB21","GN_ 5",4
"HOL_TMB22","GN_ 5",4
"HOL_TRMB32","GN_ 5",4
"HOL_WEDE","GN_ 5",4
"HOL_WEDW","GN_ 5",4
"METZ_Q3","GN_ 5",4
"SARR2_Q1","GN_ 5",4
"VRIG_Q1","GN_ 5",4
"ABC_Q1","GN_ 6",4
"DIF_Q1","GN_ 6",4
"VEL_Q1","GN_ 6",4
"WEF_Q1","GN_ 6",4
"ALC_Q1","GN_ 7",4
"BSN_Q1","GN_ 7",4
"C5A_Q1","GN_ 7",4
"ELS_Q1","GN_ 7",4
"IJS_Q1","GN_ 7",4
"LRB_Q1","GN_ 7",4
"NWH_Q1","GN_ 7",4
"SPR_Q1","GN_ 7",4
"VDMM_Q1","GN_ 7",4
"VDMWL_Q2","GN_ 7",4
"VEL_Q2","GN_ 7",4
"VOW_Q1","GN_ 7",4
"VZS_Q1","GN_ 7",4
"ALC_Q3","GN_ 8",4
"CAO_Q1","GN_ 8",4
"IWRD_Q1","GN_ 8",4
"MAV_Q1","GN_ 8",4
"OSP_Q1","GN_ 8",4
"RAT_Q1","GN_ 8",4
"SILL_Q1","GN_ 8",4
"ZLF_Q1","GN_ 8",4
"AZW_Q1","GN_ 9",4
"BAW_Q1","GN_ 9",4
"BGA_Q1","GN_ 9",4
"BHC_Q1","GN_ 9",4
"D2A_Q1","GN_ 9",4
"DAAH_Q1","GN_ 9",4
"DEU_Q1","GN_ 9",4
"DMN4_Q1","GN_ 9",4
"EMP_Q1","GN_ 9",4
"F1B_Q1","GN_ 9",4
"FLEVO_Q1","GN_ 9",4
"HER_Q1","GN_ 9",4
"HRW_Q1","GN_ 9",4
"LMH_Q1","GN_ 9",4
"NEW_Q1","GN_ 9",4
"OSND_Q1","GN_ 9",4
"POM4_Q1","GN_ 9",4
"SWP_Q1","GN_ 9",4
"BECRMA","GN_10",4
"BECRRB","GN_10",4
"BECRSB","GN_10",4
"DAMP_Q1","GN_11",4
"FLOR_Q1","GN_11",4
"HOL_TITE","GN_11",4
"IALP_Q1","GN_11",4
"MAIR_Q1","GN_11",4
"NOVY_Q1","GN_11",4
"SAUL_Q1","GN_11",4
"SILL_Q2","GN_11",4
"TROY_Q1","GN_11",4
"VEND_Q1","GN_11",4
"WARC_Q1","GN_11",4
"FLEV1_Q2","GN_12",4
"ILLA_Q1","GN_12",4
"VIGN_Q1","GN_12",4
"HBW_Q1","GN_13",4
"LMH_Q2","GN_13",4
"HOK_Q2","GN_14",4
"RHH_Q1","GN_14",4
"HOL_MB259","GN_15",4
"HOL_MIWA","GN_15",4
"HOL_TWML","GN_15",4
