"site_chronology","sample","radius","remarks"
"068_Q1","065169","A",NULL
"068_Q1","068001","0",NULL
"068_Q1","068002","0",NULL
"068_Q1","068003","D",NULL
"068_Q1","068004","C","As tree 068_QT03"
"068_Q1","068006","B","As tree 068_QT03"
"068_Q1","068007","0",NULL
"068_Q1","068009","0",NULL
"068_Q1","068013","A",NULL
"068_Q1","068015","Q",NULL
"068_Q1","068018","0",NULL
"068_Q1","068023","Q",NULL
"068_Q1","068024","A",NULL
"068_Q1","068025","0",NULL
"068_Q1","068026","Q",NULL
"068_Q1","068028","0",NULL
"068_Q1","068029","0",NULL
"068_Q1","068030","0",NULL
"068_Q1","068033","Q",NULL
"068_Q1","068033","X",NULL
"068_Q1","068034","0",NULL
"068_Q1","068035","0","As tree 068_QT02Q; after 98(52) removed"
"068_Q1","068036","0",NULL
"068_Q1","068039","0",NULL
"068_Q1","068042","0",NULL
"068_Q1","068044","0","As tree 068_QT02Q; after 98(52) removed"
"068_Q1","068045","0","As tree 068_QT01; after 75(82) removed"
"068_Q1","068046","0","As tree 068_QT01; after 75(82) removed"
"068_Q1","068047","Q",NULL
"068_Q1","068047","X",NULL
"068_Q1","068049","0",NULL
"068_Q1","068050","0","As tree 068_QT01; after 75(82) removed"
"068_Q1","068056","0",NULL
"068_Q1","068058","A",NULL
"068_Q1","068059","0","As tree 068_QT01; after 75(82) removed"
"068_Q1","068060","Q",NULL
"068_Q1","068061","0","As tree 068_QT01; after 75(82) removed"
"068_Q1","068063","0",NULL
"068_Q1","068065","0",NULL
"068_Q1","068067","0","As tree 068_QT02Q; after 98(52) removed"
"068_Q1","068068","A",NULL
"068_Q1","068070","0","As tree 068_QT02Q; after 98(52) removed"
"068_Q1","068071","Q",NULL
"068_Q1","068072","0",NULL
"068_Q1","068074","0","As tree 068_QT02Q; after 98(52) removed"
"068_Q1","068075","0",NULL
"068_Q1","068076","Q",NULL
"068_Q1","068077","0",NULL
"068_Q1","068078","0","As tree 068_QT02Q; after 98(52) removed"
"068_Q1","068079","Q",NULL
"068_Q1","068080","0",NULL
"068_Q1","068081","Q",NULL
"068_Q1","068083","Q",NULL
"068_Q1","068085","0",NULL
"068_Q1","068086","B","As tree 068_QT06Q; last 2 (97-98 AD)removed"
"068_Q1","068087","Q",NULL
"068_Q1","068089","Q",NULL
"068_Q1","068090","0","As tree 068_QT04"
"068_Q1","068092","Q",NULL
"068_Q1","068093","0",NULL
"068_Q1","068094","0",NULL
"068_Q1","068095","Q",NULL
"068_Q1","068095","X",NULL
"068_Q1","068096","0",NULL
"068_Q1","068098","0","As tree 068_QT04"
"068_Q1","068099","0","As tree 068_QT06Q; last 2 (97-98 AD)removed"
"068_Q1","068100","Q",NULL
"068_Q2","068115","Q",NULL
"068_Q2","068116","Q",NULL
"068_Q2","068117","Q",NULL
"068_Q2","068118","Q",NULL
"068_Q2","068118","X",NULL
"068_Q2","068119","B",NULL
"068_Q2","068120","Q",NULL
"068_Q2","068120","X",NULL
"068_Q2","068121","B",NULL
"068_Q2","068122","A",NULL
"068_Q2","068124","B",NULL
"068_Q2","068125","0","As tree 068_QT07"
"068_Q2","068130","E",NULL
"068_Q2","068133","0","As tree 068_QT07"
"068_Q2","068135","C",NULL
"068_Q2","068136","0","As tree 068_QT08"
"068_Q2","068137","0","As tree 068_QT08"
"068_Q2","068138","0",NULL
"068_Q2","068139","C",NULL
"068_Q2","068142","A",NULL
"068_Q2","068144","C",NULL
"068_Q2","068146","0",NULL
"068_Q3","068147","Z",NULL
"068_Q3","068148","Q",NULL
"068_Q3","068152","0",NULL
"068_Q3","068153","0",NULL
"068_Q3","068154","Q",NULL
"068_Q3","068155","Q",NULL
"068_Q3","068156","0",NULL
"068_Q3","068157","0",NULL
"068_Q3","068158","Q",NULL
"068_Q3","068159","A",NULL
"068_Q3","068160","0",NULL
"068_Q3","068162","0",NULL
"185_Q1","185001","E","As tree 185_QT1"
"185_Q1","185002","Q",NULL
"185_Q1","185003","E",NULL
"185_Q1","185004","Q",NULL
"185_Q1","185005","E","As tree 185_QT1"
"185_Q1","185006","Q",NULL
"185_Q1","185006","X",NULL
"185_Q1","185007","F","As tree 185_QT1"
"185_Q1","185008","E","As tree 185_QT1"
"185_Q1","185009","Q",NULL
"185_Q1","185009","X",NULL
"185_Q1","185010","E","As tree 185_QT1"
"185_Q1","185013","E",NULL
"185_Q1","185014","E",NULL
"185_Q1","185015","E",NULL
"185_Q1","185018","E",NULL
"185_Q1","185019","E",NULL
"185_Q1","185020","E",NULL
"185_Q1","185021","F",NULL
"185_Q1","185022","F",NULL
"185_Q1","185023","F",NULL
"185_Q1","185024","E",NULL
"185_Q1","185026","F","As tree 185_QT2"
"185_Q1","185027","F","As tree 185_QT2"
"185_Q1","185028","Q",NULL
"185_Q1","185029","Q",NULL
"185_Q1","185030","E",NULL
"185_Q1","185031","E",NULL
"185_Q1","185033","Q",NULL
"185_Q1","185034","Q",NULL
"185_Q1","185035","F",NULL
"185_Q1","185039","E",NULL
"185_Q1","185060","0",NULL
"185_Q1","185063","Q","As tree 185_QT5"
"185_Q1","185067","0",NULL
"185_Q1","185074","0",NULL
"185_Q1","185092","0",NULL
"185_Q1","185096","0",NULL
"185_Q1","185099","0","As tree 185_QT5"
"185_Q1","185108","0",NULL
"185_Q1","185110","A",NULL
"185_Q1","185111","Q",NULL
"185_Q1","185115","Q",NULL
"185_Q1","185115","X",NULL
"185_Q1","185126","0",NULL
"185_Q1","185143","Q",NULL
"185_Q1","185150","0",NULL
"185_Q1","185321","Q",NULL
"185_Q1","185322","0",NULL
"185_Q1","185323","B",NULL
"185_Q1","185325","0",NULL
"185_Q1","185329","B",NULL
"185_Q1","185330","B",NULL
"185_Q1","185331","A",NULL
"185_Q1","185332","A",NULL
"185_Q1","185334","A",NULL
"185_Q1","185336","A",NULL
"185_Q1","185337","A",NULL
"185_Q1","185338","Q",NULL
"185_Q1","185339","0","As tree 185_QT4"
"185_Q1","185340","0","As tree 185_QT4"
"185_Q1","185342","D",NULL
"185_Q1","185343","0",NULL
"185_Q1","185345","B",NULL
"185_Q1","185346","0","As tree 185_QT3"
"185_Q1","185347","A",NULL
"185_Q1","185348","A","As tree 185_QT3"
"185_Q1","185349","Q",NULL
"185_Q1","185350","B",NULL
"185_Q1","185361","A","As tree 185_QT6"
"185_Q1","185362","A",NULL
"185_Q1","185363","A",NULL
"185_Q1","185366","A","As tree 185_QT6"
"185_Q1","185368","Q",NULL
"185_Q1","185369","A","As tree 185_QT6"
"185_Q1","185370","A",NULL
"185_Q1","185372","Q",NULL
"185_Q1","185372","X",NULL
"185_Q1","185373","Q",NULL
"185_Q1","185374","Q",NULL
"185_Q1","185374","X",NULL
"185_Q1","185375","A",NULL
"185_Q1","185377","A",NULL
"185_Q1","185378","Q",NULL
"185_Q1","185378","X",NULL
"185_Q1","185378","Y",NULL
"185_Q1","185379","A",NULL
"185_Q1","185380","A",NULL
"185_Q1","185382","A","As tree 185_QT6"
"185_Q1","185383","A","As tree 185_QT6"
"185_Q1","185384","A",NULL
"185_Q1","185387","A",NULL
"185_Q1","185389","A",NULL
"189_Q1","1890101","L",NULL
"189_Q1","1890102","L",NULL
"189_Q1","1890103","L",NULL
"189_Q1","1890201","L",NULL
"189_Q1","1890202","L",NULL
"189_Q1","1890203","L",NULL
"189_Q1","1890204","L",NULL
"189_Q1","1890205","L",NULL
"189_Q1","1890206","L",NULL
"189_Q1","1890207","L",NULL
"189_Q1","1890208","L",NULL
"189_Q2","1890301","L",NULL
"189_Q2","1890308","L",NULL
"195_Q1","195001","0",NULL
"195_Q1","195003","0",NULL
"195_Q1","195004","A",NULL
"195_Q1","195005","A",NULL
"195_Q1","195006","0",NULL
"195_Q1","195007","1",NULL
"195_Q1","195008","0",NULL
"195_Q1","195009","Q",NULL
"195_Q1","195010","Q",NULL
"195_Q1","195011","0",NULL
"195_Q1","195012","0",NULL
"195_Q1","195014","0",NULL
"195_Q1","195015","0",NULL
"195_Q1","195016","0",NULL
"195_Q1","195017","0",NULL
"195_Q1","195018","A",NULL
"195_Q1","195019","0",NULL
"195_Q1","195020","0",NULL
"195_Q1","195021","0",NULL
"195_Q1","195022","0",NULL
"195_Q1","195023","0",NULL
"195_Q1","195024","0",NULL
"195_Q1","195025","0",NULL
"195_Q1","195026","0",NULL
"195_Q1","195027","0",NULL
"195_Q1","195028","0",NULL
"195_Q1","195029","0",NULL
"195_Q1","195030","Q",NULL
"195_Q1","195031","Q",NULL
"195_Q1","195032","A",NULL
"195_Q1","195033","A",NULL
"195_Q1","195035","A",NULL
"195_Q1","195036","A",NULL
"195_Q1","195043","0",NULL
"195_Q1","195044","0",NULL
"195_Q1","195047","Q",NULL
"195_Q1","195048","0",NULL
"195_Q1","195049","0",NULL
"195_Q1","195050","0",NULL
"195_Q1","195052","0",NULL
"195_Q1","195053","0",NULL
"1AH_Q1","1AH0030","M","As tree 1AH_QT1"
"1AH_Q1","1AH0031","A","As tree 1AH_QT1"
"1AH_Q1","1AH0033","Q","As tree 1AH_QT2Q (before 250(259) removed)"
"1AH_Q1","1AH0034","A","As tree 1AH_QT2Q (before 250(259) removed)"
"1AH_Q1","1AH0035","A","As tree 1AH_QT2Q (before 250(259) removed)"
"1AH_Q2","1AH0013","A",NULL
"1AH_Q2","1AH0014","A","As tree 1AH_QT3"
"1AH_Q2","1AH0015","A","As tree 1AH_QT3"
"1DH_Q1","1DH0010","M",NULL
"1DH_Q1","1DH0011","M",NULL
"1DH_Q1","1DH0015","M",NULL
"1DH_Q1","1DH0019","A",NULL
"1DH_Q1","1DH0021","A",NULL
"1DH_Q1","1DH0022","M","As tree 1DH_QT1"
"1DH_Q1","1DH0023","M","As tree 1DH_QT1"
"1DH_Q1","1DH0025","A","As tree 1DH_QT2"
"1DH_Q1","1DH0026","M",NULL
"1DH_Q1","1DH0027","A","As tree 1DH_QT2"
"1DH_Q1","1DH0028","M","As tree 1DH_QT2"
"1DH_Q1","1DH0029","A","As tree 1DH_QT2"
"1DH_Q1","1DH0032","Q",NULL
"1DH_Q1","1DH0033","A",NULL
"1DH_Q1","1DH0034","Q",NULL
"1DH_Q1","1DH0036","M",NULL
"1DH_Q1","1DH0038","A",NULL
"1DH_Q1","1DH0039","A",NULL
"1GDGem","1GD0001","M",NULL
"1GDGem","1GD0002","A",NULL
"1GDGem","1GD0003","B",NULL
"1TN_Q1","1TN0064","A","As tree 1TN_QT1"
"1TN_Q1","1TN0065","A","As tree 1TN_QT1"
"1TN_Q1","1TN0066","A",NULL
"1TN_Q1","1TN0067","A",NULL
"1TN_Q1","1TN0068","A",NULL
"1TN_Q1","1TN0070","A","As tree 1TN_QT3"
"1TN_Q1","1TN0071","A","As tree 1TN_QT3"
"1TN_Q1","1TN0072","A",NULL
"1TN_Q1","1TN0073","A","As tree 1TN_QT3"
"1TN_Q1","1TN0077","A","As tree 1TN_QT3"
"1TN_Q1","1TN0078","A","As tree 1TN_QT4"
"1TN_Q1","1TN0079","A","As tree 1TN_QT4"
"1TN_Q1","1TN0081","A","As tree 1TN_QT4"
"1TN_Q1","1TN0088","A","As tree 1TN_QT5"
"1TN_Q1","1TN0089","A","As tree 1TN_QT6"
"1TN_Q1","1TN0090","A",NULL
"1TN_Q1","1TN0091","A","As tree 1TN_QT6"
"1TN_Q1","1TN0092","A","As tree 1TN_QT5"
"1TN_Q1","1TN0094","A",NULL
"1TN_Q1","1TN0095","M",NULL
"1TN_Q1","1TN0096","A",NULL
"1TN_Q1","1TN0097","A",NULL
"1TN_Q1","1TN0098","A",NULL
"1TN_Q1","1TN0100","A",NULL
"1TN_Q1","1TN0101","A",NULL
"1TN_Q1","1TN0102","A",NULL
"1TN_Q1","1TN0103","A",NULL
"1TN_Q1","1TN0106","A",NULL
"1TN_Q1","1TN0108","A",NULL
"1TN_Q1","1TN0116","M",NULL
"1TN_Q1","1TN0117","M",NULL
"1TN_Q1","1TN0119","A",NULL
"1TN_Q1","1TN0121","A","As tree 1TN_QT8"
"1TN_Q1","1TN0122","A","As tree 1TN_QT8"
"1TN_Q1","1TN0123","A",NULL
"1TN_Q1","1TN0124","A",NULL
"1TN_Q1","1TN0125","A","As tree 1TN_QT8"
"1TN_Q1","1TN0126","A",NULL
"1TN_Q1","1TN0127","A","As tree 1TN_QT8"
"1VL_Q1","1VL0027","Q",NULL
"1VL_Q1","1VL0027","X",NULL
"1VL_Q1","1VL0028","A",NULL
"1VL_Q1","1VL0029","M",NULL
"202_Q1","202_QT","1",NULL
"202_Q1","202011","0",NULL
"202_Q1","202017","0",NULL
"202_Q1","202018","0",NULL
"202_Q1","202019","0",NULL
"202_Q1","202020","Q",NULL
"202_Q1","202021","0",NULL
"202_Q1","202022","0",NULL
"202_Q1","202023","0",NULL
"202_Q1","202024","Q",NULL
"202_Q1","202025","Q",NULL
"202_Q1","202026","Q",NULL
"202_Q1","202028","0",NULL
"202_Q1","202029","0",NULL
"202_Q1","202031","Q",NULL
"202_Q1","202032","Q",NULL
"202_Q1","202034","0",NULL
"202_Q1","202036","0",NULL
"202_Q1","202037","Q",NULL
"202_Q1","202038","0",NULL
"202_Q1","202039","0",NULL
"202_Q1","202040","0",NULL
"202_Q1","202042","0",NULL
"202_Q1","202043","Q",NULL
"202_Q1","202043","X",NULL
"202_Q1","202045","Q",NULL
"202_Q1","202046","0",NULL
"202_Q1","202047","Q",NULL
"202_Q1","202048","0",NULL
"202_Q1","202051","Q",NULL
"202_Q1","202052","Q",NULL
"202_Q1","202052","X",NULL
"202_Q1","202054","Q",NULL
"202_Q1","202054","X",NULL
"202_Q1","202064","0","As tree 202-QT1"
"202_Q1","202067","0",NULL
"202_Q1","202068","0",NULL
"202_Q1","202070","0",NULL
"202_Q1","202072","0",NULL
"202_Q1","202073","A","As tree 202-QT1"
"202_Q1","202074","0",NULL
"202_Q1","202075","0",NULL
"202_Q1","202076","A",NULL
"202_Q1","202078","0",NULL
"202_Q1","202080","0",NULL
"202_Q1","202081","0",NULL
"202_Q1","202082","Q",NULL
"202_Q1","202086","Q",NULL
"202_Q1","202090","0",NULL
"202_Q1","202091","0",NULL
"202_Q1","202092","0",NULL
"202_Q1","202096","0",NULL
"202_Q1","202101","C",NULL
"202_Q1","202105","B",NULL
"202_Q1","202108","C",NULL
"202_Q1","202110","A",NULL
"202_Q1","202116","A",NULL
"202_Q1","202117","A",NULL
"202_Q1","202118","Q",NULL
"202_Q1","202120","0",NULL
"388_Q1","388001","L",NULL
"388_Q1","388002","L","As tree 388_QT2"
"388_Q1","388003","L","As tree 388_QT2"
"388_Q1","388004","L","As tree 388_QT1"
"388_Q1","388005","L","As tree 388_QT1"
"388_Q1","388006","L","As tree 388_QT1"
"388_Q1","388007","L",NULL
"388_Q1","388008","L",NULL
"388_Q1","388009","L",NULL
"388_Q1","388010","L",NULL
"388_Q1","388012","L",NULL
"388_Q1","388013","L",NULL
"388_Q1","388014","L","As tree 388_QT1"
"388_Q1","388015","L",NULL
"388_Q1","388016","L","As tree 388_QT2"
"388_Q1","388017","L","As tree 388_QT1"
"388_Q1","388018","L","As tree 388_QT2"
"388_Q1","388019","L",NULL
"388_Q1","388020","L","As tree 388_QT1"
"388_Q1","3880203","Q",NULL
"388_Q1","388021","L",NULL
"563_Q1","563001","Q",NULL
"563_Q1","563003a","L",NULL
"563_Q1","563004a","L",NULL
"563_Q1","563004b","L",NULL
"563_Q1","563005","L",NULL
"563_Q1","563006a","L",NULL
"563_Q1","563007","L",NULL
"563_Q1","563010a","L",NULL
"563_Q1","563011","L",NULL
"563_Q1","563013","L",NULL
"563_Q1","563014","L",NULL
"563_Q1","563015","L",NULL
"563_Q1","56302001","L",NULL
"563_Q1","56302002","L",NULL
"563_Q1","56302003","L",NULL
"563_Q1","56302004","L",NULL
"563_Q1","56302005","L",NULL
"563_Q1","56302008","B",NULL
"563_Q1","56302008","Q","(was A)"
"563_Q1","56303002","L","As tree 563_QT1"
"563_Q1","56303003","L","As tree 563_QT1"
"563_Q1","56304001","A",NULL
"563_Q1","56304003","A",NULL
"563_Q1","56304003","B",NULL
"563_Q1","56304004","L",NULL
"563_Q1","56304005","A",NULL
"563_Q1","56304005","B",NULL
"563_Q1","56304007","L",NULL
"563_Q1","56304008","A",NULL
"563_Q1","56304008","B",NULL
"563_Q1","56304009","Q",NULL
"585_Q1","5851601","Q",NULL
"585_Q1","5851603","L",NULL
"585_Q1","5851605","Q",NULL
"585_Q1","5851801","Q",NULL
"585_Q1","5851803","L",NULL
"585_Q1","5851804","L",NULL
"585_Q1","5851805","L",NULL
"585_Q1","5851806","L",NULL
"585_Q1","5851807","Q",NULL
"585_Q1","5851808","L",NULL
"585_Q1","5851809","L",NULL
"585_Q1","5851810","L",NULL
"585_Q1","5851814","Q",NULL
"585_Q2","5850204","L",NULL
"585_Q2","5850205","L",NULL
"585_Q2","5850206","L",NULL
"587_Q1","587001","L",NULL
"587_Q1","587002","L","As tree 587_QT1"
"587_Q1","5870033","L",NULL
"587_Q1","587004","L","As tree 587_QT1"
"587_Q1","587006","Q",NULL
"587_Q1","587008","Q",NULL
"587_Q1","587009","L",NULL
"587_Q1","587010","L",NULL
"587_Q1","587011","L",NULL
"587_Q1","587013","L",NULL
"587_Q1","587015","L",NULL
"587_Q1","587016","Q",NULL
"587_Q1","5870301","Q",NULL
"587_Q1","5870302","L",NULL
"587_Q1","5870303","L",NULL
"587_Q1","5870403","L","As tree 587_QT2"
"587_Q1","5870404","L","As tree 587_QT2"
"587_Q1","5870406","Q","As tree 587_QT2"
"587_Q1","5870501","L",NULL
"587_Q1","5870601","Q",NULL
"600_Q1","6001001","Q",NULL
"600_Q1","6001001","X",NULL
"600_Q1","6001004","Q",NULL
"600_Q1","6001004","X",NULL
"600_Q1","6001005","L",NULL
"600_Q1","600M1","L",NULL
"A246_Q1","A246_01","Q",NULL
"A246_Q1","A246_01","X",NULL
"A246_Q1","A246_02","Q",NULL
"A246_Q1","A246_03","H",NULL
"A246_Q1","A246_08","H",NULL
"A246_Q1","A246_10","H",NULL
"ABC_Q1","ABC0001","1",NULL
"ABC_Q1","ABC0002","1",NULL
"ABC_Q1","ABC0004","1",NULL
"ABC_Q1","ABC0006","1",NULL
"ABC_Q1","ABC0008","1",NULL
"ABC_Q1","ABC0010","1",NULL
"ABC_Q1","ABC0011","Q",NULL
"ABC_Q1","ABF0004","1",NULL
"ABC_Q1","ABF0005","Q",NULL
"ABC_Q1","ABF0006","1",NULL
"ABC_Q1","ABF0007","1",NULL
"ABC_Q1","ABF0008","1",NULL
"ABC_Q1","ABF0010","Q",NULL
"ABC_Q1","ABF0013","1",NULL
"ABC_Q1","ABF0014","1",NULL
"ABC_Q1","ABF0015","0",NULL
"ABC_Q1","ABF0021","0",NULL
"ABC_Q1","ABN0007","0",NULL
"AKE_Q1","AKE0001","1",NULL
"AKE_Q1","AKE0002","1","As tree AKE_QT1"
"AKE_Q1","AKE0003","1","As tree AKE_QT1"
"AKE_Q1","AKE0004","1",NULL
"ALC_F1","ALC0007","1",NULL
"ALC_F1","ALC0014","1",NULL
"ALC_F1","ALC0016","1",NULL
"ALC_F1","ALC0063","Q",NULL
"ALC_F1","ALC0071","1",NULL
"ALC_F1","ALC0072","1",NULL
"ALC_F1","ALC0079","Q",NULL
"ALC_F1","ALC0082","Q",NULL
"ALC_F1","ALC0092","1","Not as tree ALC_FT1, fits better as seperate measurement!"
"ALC_F1","ALC0095","0","Not as tree ALC_FT1, fits better as seperate measurement!"
"ALC_F1","ALC0096","0",NULL
"ALC_F1","ALC0105","Q",NULL
"ALC_F1","ALC0113","1",NULL
"ALC_F1","ALC0128","Q",NULL
"ALC_F2","ALC0009","Q",NULL
"ALC_F2","ALC0010","Q",NULL
"ALC_F2","ALC0060","Q",NULL
"ALC_F2","ALC0061","1",NULL
"ALC_F2","ALC0081","1",NULL
"ALC_F2","ALC0084","0",NULL
"ALC_F2","ALC0085","1",NULL
"ALC_F2","ALC0086","Q",NULL
"ALC_F2","ALC0086","X",NULL
"ALC_F2","ALC0087","1",NULL
"ALC_F2","ALC0088","2",NULL
"ALC_F2","ALC0090","1",NULL
"ALC_F2","ALC0115","Q",NULL
"ALC_F2","ALC0121","1",NULL
"ALC_F2","ALC0122","1",NULL
"ALC_F2","ALC0125","1",NULL
"ALC_Q1","ALB0002","1",NULL
"ALC_Q1","ALC0002","0",NULL
"ALC_Q1","ALC0024","1",NULL
"ALC_Q1","ALC0025","1","As tree ALC_QT1Q before -139(30) removed"
"ALC_Q1","ALC0026","Z",NULL
"ALC_Q1","ALC0028","1","As tree ALC_QT1Q before -139(30) removed"
"ALC_Q1","ALC0033","1",NULL
"ALC_Q1","ALC0035","1",NULL
"ALC_Q1","ALC0047","1",NULL
"ALC_Q1","ALC0048","Q",NULL
"ALC_Q1","ALC0049","1",NULL
"ALC_Q1","ALC0052","1",NULL
"ALC_Q1","ALC0075","1",NULL
"ALC_Q1","ALC0076","Z",NULL
"ALC_Q1","ALC0100","1","As tree ALC_QT1Q before -139(30) removed"
"ALC_Q1","ALC0101","1",NULL
"ALC_Q2","ALB0001","2","Radiaal 2 match beste met anderen"
"ALC_Q2","ALB0003","1",NULL
"ALC_Q2","ALB0004","1",NULL
"ALC_Q2","ALB0005","Q","1e ring removed"
"ALC_Q3","ALC0018","0",NULL
"ALC_Q3","ALC0019","1",NULL
"ALC_Q3","ALC0030","Q",NULL
"ALC_Q3","ALC0031","1",NULL
"ALC_Q3","ALC0032","Q",NULL
"ALC_Q3","ALC0037","1",NULL
"ALC_Q3","ALC0038","Q",NULL
"ALC_Q3","ALC0053","Q",NULL
"ALC_Q3","ALC0055","1",NULL
"ALC_U1","ALC0040","Q",NULL
"ALC_U1","ALC0041","0",NULL
"ALC_U1","ALC0042","Q",NULL
"ALC_U1","ALC0043","0",NULL
"ALC_U1","ALC0044","Q",NULL
"ALC_U1","ALC0062","0",NULL
"ALC_U1","ALC0064","0",NULL
"ALC_U1","ALC0068","Q",NULL
"ALC_U1","ALC0083","0",NULL
"ALC_U1","ALC0091","1",NULL
"ALC_U1","ALC0104","1",NULL
"ALC_U1","ALC0114","0",NULL
"ALC_U1","ALC0116","Q",NULL
"ALC_U1","ALC0117","1",NULL
"ALC_U1","ALC0118","0",NULL
"ALC_U1","ALC0119","1",NULL
"ALC_U1","ALC0124","1",NULL
"ALC_U1","ALC0129","0",NULL
"ATTO_Q1","ATTO101","T",NULL
"ATTO_Q1","ATTO102","T",NULL
"ATTO_Q1","ATTO103","T",NULL
"ATTO_Q1","ATTO104","T",NULL
"ATTO_Q1","ATTO105","T",NULL
"ATTO_Q1","ATTO106","T",NULL
"ATTO_Q1","ATTO107","T",NULL
"ATTO_Q1","ATTO108","T",NULL
"ATTO_Q1","ATTO109","T",NULL
"ATTO_Q1","ATTO110","T",NULL
"AZW_Q1","AZW0002","1",NULL
"AZW_Q1","AZW0003","Q",NULL
"AZW_Q1","AZW0004","1",NULL
"BAD_Q1","BAD0001","0","As tree BAD_QT1? Not sure if this is a tree"
"BAD_Q1","BAD0002","0","As tree BAD_QT1? Not sure if this is a tree"
"BAD_Q1","BAD0003","1","As tree BAD_QT1? Not sure if this is a tree"
"BAD_Q1","BAD0004","1","As tree BAD_QT1? Not sure if this is a tree"
"BAR_Q1","BAR0001","Q",NULL
"BAR_Q1","BAR0002","1",NULL
"BAR_Q1","BAR0003","1",NULL
"BAR_Q1","BAR0004","1"," As tree BAR_QT1"
"BAR_Q1","BAR0005","Q",NULL
"BAR_Q1","BAR0006","Q",NULL
"BAR_Q1","BAR0007","1"," As tree BAR_QT2"
"BAR_Q1","BAR0008","1",NULL
"BAR_Q1","BAR0009","1"," As tree BAR_QT1"
"BAR_Q1","BAR0010","Q",NULL
"BAR_Q1","BAR0011","1"," As tree BAR_QT2"
"BAW_Q1","BAW0001","1",NULL
"BAW_Q1","BAW0002","1",NULL
"BAW_Q1","BAW0003","1",NULL
"BGA_Q1","BGA0002","Q","before 30 (maar dit kan ook bij 3!)"
"BGA_Q1","BGA0003","0",NULL
"BHC_Q1","BHC0006","0",NULL
"BHC_Q1","BHC0011","1",NULL
"BHC_Q1","BHC0021","1",NULL
"BHC_Q1","BHC0022","Q",NULL
"BHC_Q1","BHC0024","Q",NULL
"BHC_Q1","BHC0028","0",NULL
"BHC_Q1","BHC0030","0",NULL
"BHC_Q1","BHC0034","0",NULL
"BHC_Q1","BHC0037","0",NULL
"BHC_Q1","BHC0038","0",NULL
"BHC_Q1","BHC0040","0",NULL
"BHC_Q1","BHC0041","0",NULL
"BHC_Q1","BHC0042","0",NULL
"BHC_Q1","BHC0043","0",NULL
"BHC_Q1","BHC0044","0",NULL
"BHC_Q1","BHC0050","Q",NULL
"BHC_Q1","BHC0051","1",NULL
"BHC_Q1","BHC0052","1",NULL
"BHC_Q1","BHC0053","Q",NULL
"BHC_Q1","BHC0054","1","As tree BHC_QT3"
"BHC_Q1","BHC0055","Q",NULL
"BHC_Q1","BHC0056","1",NULL
"BHC_Q1","BHC0058","Q",NULL
"BHC_Q1","BHC0059","1",NULL
"BHC_Q1","BHC0063","1",NULL
"BHC_Q1","BHC0064","0",NULL
"BHC_Q1","BHC0065","1",NULL
"BHC_Q1","BHC0066","0",NULL
"BHC_Q1","BHC0067","1",NULL
"BHC_Q1","BHC0069","1","As tree BHC_QT1"
"BHC_Q1","BHC0070","1","As tree BHC_QT4"
"BHC_Q1","BHC0071","1",NULL
"BHC_Q1","BHC0072","1","As tree BHC_QT1"
"BHC_Q1","BHC0073","1",NULL
"BHC_Q1","BHC0074","1","As tree BHC_QT4"
"BHC_Q1","BHC0077","1",NULL
"BHC_Q1","BHC0078","1",NULL
"BHC_Q1","BHC0081","1",NULL
"BHC_Q1","BHC0082","1","As tree BHC_QT4"
"BHC_Q1","BHC0083","1","As tree BHC_QT2"
"BHC_Q1","BHC0084","1",NULL
"BHC_Q1","BHC0085","1","As tree BHC_QT2"
"BHC_Q1","BHC0086","1",NULL
"BHC_Q1","BHC0088","1","As tree BHC_QT2"
"BHC_Q1","BHC0090","1","As tree BHC_QT3"
"BHC_Q2","BHC0005","2",NULL
"BHC_Q2","BHC0008","0",NULL
"BHC_Q2","BHC0035","0","Past ook in 1, maar beter in 2"
"BHC_Q2","BHC0036","1","Past ook in 1, maar beter in 2"
"BHC_Q2","BHC0039","0","Past ook in 1, maar beter in 2"
"BHC_Q2","BHC0045","0",NULL
"BHO_Q1","BHO0001","0",NULL
"BHO_Q1","BHO0003","0",NULL
"BJG_Q1","BJG0001","1",NULL
"BJG_Q1","BJG0002","1",NULL
"BJG_Q1","BJG0004","Q",NULL
"BJG_Q1","BJG0004","X",NULL
"BJV_Q1","BJV0001","1",NULL
"BJV_Q1","BJV0002","1",NULL
"BOUX_Q1","BOUX101","T","small overlap"
"BOUX_Q1","BOUX102","T","small overlap"
"BRE_Q1","BRE0004","1",NULL
"BRE_Q1","BRE0006","1",NULL
"BRE_Q1","BRE0015","1",NULL
"BRE_Q2","BRE0001","1",NULL
"BRE_Q2","BRE0002","Q",NULL
"BRE_Q2","BRE0003","1",NULL
"BRE_Q2","BRE0010","1",NULL
"BRE_Q2","BRE0011","1",NULL
"BRE_Q2","BRE0014","1",NULL
"BSN_Q1","BSN0001","1",NULL
"BSN_Q1","BSN0002","Q",NULL
"BSN_Q1","BSN0004","Q",NULL
"BSN_Q1","BSN0005","1",NULL
"C4A_Q1","C4A0201","Z",NULL
"C4A_Q1","C4A0301","Z",NULL
"C4A_Q1","C4A0401","A",NULL
"C4A_Q1","C4A0402","Z",NULL
"C4A_Q1","C4A0503","Z",NULL
"C4A_Q1","C4A0504","Z",NULL
"C4A_Q1","C4A0505","Z",NULL
"C4A_Q1","C4A0601","Q",NULL
"C4A_Q1","C4A0601","X",NULL
"C4A_Q1","C4A0801","Z",NULL
"C4A_Q1","C4A0802","Z",NULL
"C4A_Q1","C4A0804","Z",NULL
"C4A_Q1","C4A0901","Z",NULL
"C4A_Q1","C4A1401","Z",NULL
"C4A_Q1","C4A1402","Q",NULL
"C4A_Q1","C4A1402","X",NULL
"C4A_Q1","C4A1601","Z",NULL
"C4A_Q1","C4A1602","Z",NULL
"C4A_Q1","C4A1701","Z",NULL
"C4CRH_Q1","C4CRH01","G",NULL
"C4CRH_Q1","C4CRH06","Q",NULL
"C4CRH_Q1","C4CRH09","B",NULL
"C4CRH_Q1","C4CRH13","E",NULL
"C4CRH_Q1","C4CRH14","E",NULL
"C4CRH_Q1","C4CRH17","E",NULL
"C4CRH_Q1","C4CRH18","Q",NULL
"C5A_Q1","C5A0101","Q",NULL
"C5A_Q1","C5A0102","Z",NULL
"C5A_Q1","C5A0104","A",NULL
"C5A_Q1","C5A0201","A",NULL
"C5A_Q1","C5A0202","Z",NULL
"C5A_Q1","C5A0203","B",NULL
"C5A_Q1","C5A0301","0","As tree C5A_QT1"
"C5A_Q1","C5A0302","Z","As tree C5A_QT1"
"C5A_Q1","C5A0303","Z","As tree C5A_QT2"
"C5A_Q1","C5A0305","Z",NULL
"C5A_Q1","C5A0306","A",NULL
"C5A_Q1","C5A0307","Q",NULL
"C5A_Q1","C5A0308","Z","As tree C5A_QT3"
"C5A_Q1","C5A0404","B",NULL
"C5A_Q1","C5A0405","Q","As tree C5A_QT3"
"C5A_Q1","C5A0406","0","As tree C5A_QT2"
"C5A_Q1","C5A0407","Z","As tree C5A_QT2"
"C5A_Q1","C5A0501","Z","As tree C5A_QT2"
"CAO_Q1","CAO0005","1","As tree CAO_QT1"
"CAO_Q1","CAO0006","1","As tree CAO_QT2"
"CAO_Q1","CAO0007","1","As tree CAO_QT2"
"CAO_Q1","CAO0008","1",NULL
"CAO_Q1","CAO0009","1",NULL
"CAO_Q1","CAO0010","1",NULL
"CAO_Q1","CAO0011","1",NULL
"CAO_Q1","CAO0013","1",NULL
"CAO_Q1","CAO0018","Q",NULL
"CAO_Q1","CAO0019","1",NULL
"CAO_Q1","CAO0022","1",NULL
"CAO_Q1","CAO0024","1",NULL
"CAO_Q1","CAO0025","1",NULL
"CAO_Q1","CAO0026","1",NULL
"CAO_Q1","CAO0027","Q",NULL
"CAO_Q1","CAO0028","1","As tree CAO_QT1"
"COS_Q1","COS0001","1",NULL
"COS_Q1","COS0002","Q",NULL
"COS_Q1","COS0005","1",NULL
"COS_Q1","COS0006","1",NULL
"COS_Q1","COS0007","1",NULL
"COS_Q1","COS0008","1",NULL
"COS_Q1","COS0009","1",NULL
"CUY_Q1","CUY0001","0",NULL
"CUY_Q1","CUY0002","1",NULL
"CUY_Q1","CUY0004","1",NULL
"CUY_Q1","CUY0018","1",NULL
"CUY_Q1","CUY0019","1",NULL
"CUY_Q1","CUY0020","1",NULL
"CUY_Q1","CUY0021","1",NULL
"CUY_Q1","CUY0022","1",NULL
"CUY_Q1","CUY0023","1",NULL
"CUY_Q1","CUY0024","1",NULL
"CUY_Q1","CUY0025","1",NULL
"CUY_Q1","CUY0026","1",NULL
"CUY_Q1","CUY0027","1",NULL
"CUY_Q1","CUY0028","1",NULL
"CUY_Q1","CUY0029","1",NULL
"CUY_Q1","CUY0030","0",NULL
"CUY_Q1","CUY0031","0",NULL
"CUY_Q1","CUY0032","0",NULL
"CUY_Q1","CUY0033","1",NULL
"CUY_Q1","CUY0034","0",NULL
"CUY_Q1","CUY0035","1",NULL
"CUY_Q1","CUY0037","0",NULL
"CUY_Q1","CUY0038","1",NULL
"CUY_Q1","CUY0039","1",NULL
"CUY_Q1","CUY0040","0",NULL
"CUY_Q1","CUY0041","1",NULL
"CUY_Q1","CUY0042","1",NULL
"CUY_Q1","CUY0043","1",NULL
"CUY_Q1","CUY0044","1",NULL
"CUY_Q1","CUY0046","1","As tree CUY_QT2"
"CUY_Q1","CUY0047","1","As tree CUY_QT2"
"CUY_Q1","CUY0048","1",NULL
"CUY_Q1","CUY0049","1",NULL
"CUY_Q1","CUY0050","1",NULL
"CUY_Q1","CUY0051","1",NULL
"CUY_Q1","CUY0052","1",NULL
"CUY_Q1","CUY0056","1",NULL
"CUY_Q1","CUY0057","1",NULL
"CUY_Q1","CUY0058","1",NULL
"CUY_Q1","CUY0059","1",NULL
"CUY_Q1","CUY0060","1",NULL
"CUY_Q1","CUY0061","1",NULL
"CUY_Q1","CUY0062","1",NULL
"CUY_Q1","CUY0063","1",NULL
"CUY_Q1","CUY0064","1",NULL
"CUY_Q1","CUY0066","1",NULL
"CUY_Q1","CUY0067","1",NULL
"CUY_Q1","CUY0068","1",NULL
"CUY_Q1","CUY0070","1",NULL
"CUY_Q1","CUY0071","1",NULL
"CUY_Q1","CUY0072","1",NULL
"CUY_Q1","CUY0073","Q",NULL
"CUY_Q1","CUY0076","1",NULL
"CUY_Q1","CUY0077","1",NULL
"CUY_Q1","CUY0078","1",NULL
"CUY_Q1","CUY0080","0",NULL
"CUY_Q1","CUY0081","1",NULL
"CUY_Q1","CUY0082","1",NULL
"CUY_Q1","CUY0083","0",NULL
"CUY_Q1","CUY0084","4",NULL
"CUY_Q1","CUY0086","1",NULL
"CUY_Q1","CUY0088","1",NULL
"CUY_Q1","CUY0089","1",NULL
"CUY_Q1","CUY0090","0",NULL
"CUY_Q1","CUY0091","1",NULL
"CUY_Q1","CUY0092","1",NULL
"CUY_Q1","CUY0093","0",NULL
"CUY_Q1","CUY0094","0",NULL
"CUY_Q1","CUY0095","1",NULL
"CUY_Q1","CUY0096","0",NULL
"CUY_Q1","CUY0097","1",NULL
"CUY_Q1","CUY0098","1",NULL
"CUY_Q1","CUY0100","1",NULL
"CUY_Q1","CUY0101","1",NULL
"CUY_Q1","CUY0102","1",NULL
"CUY_Q1","CUY0103","1",NULL
"CUY_Q1","CUY0104","1","As tree CUY_QT1Q (before 251(222) removed)"
"CUY_Q1","CUY0105","1","As tree CUY_QT1Q (before 251(222) removed)"
"CUY_Q1","CUY0106","1",NULL
"CUY_Q1","CUY0107","1",NULL
"CUY_Q1","CUY0108","1",NULL
"CUY_Q1","CUY0109","1",NULL
"CUY_Q1","CUY0110","1",NULL
"CUY_Q1","D2B0101","Z",NULL
"CUY_Q1","D2B0103","Z",NULL
"D1A_Q1","D1A0101","Z",NULL
"D1A_Q1","D1A0201","Z","As tree D1A_QT1"
"D1A_Q1","D1A0401","Z","As tree D1A_QT1"
"D1A_Q1","D1A0501","Z","As tree D1A_QT1"
"D1A_Q1","D1A0601","Z","As tree D1A_QT1"
"D1A_Q1","D1A0701","Z","As tree D1A_QT1"
"D1A_Q1","D1A0901","Z","As tree D1A_QT1"
"D2A_Q1","D2A0101","Z","As tree D2A_QT1"
"D2A_Q1","D2A0201","Z","As tree D2A_QT1"
"D2A_Q1","D2A0301","A","As tree D2A_QT1"
"D2A_Q1","D2A0401","Z","As tree D2A_QT2"
"D2A_Q1","D2A0501","Z","As tree D2A_QT1"
"D2A_Q1","D2A0601","Z","As tree D2A_QT1"
"D2A_Q1","D2A0701","Z","As tree D2A_QT2"
"D2A_Q1","D2A0801","Z","As tree D2A_QT1"
"DAAH_Q1","DAAH01","Q",NULL
"DAAH_Q1","DAAH01","X",NULL
"DAAH_Q1","DAAH05","Q",NULL
"DAAH_Q1","DAAH15A","M",NULL
"DAAH_Q1","DAAH16B","M",NULL
"DAMB_Q1","DAMB102","T","As tree DAMB_QT1"
"DAMB_Q1","DAMB103","T",NULL
"DAMB_Q1","DAMB104","T","As tree DAMB_QT1"
"DAMB_Q1","DAMB105","Q",NULL
"DAMB_Q1","DAMB107","T",NULL
"DAMB_Q1","DAMB108","T","As tree DAMB_QT1"
"DAMB_Q1","DAMB109","T","As tree DAMB_QT1"
"DAMB_Q1","DAMB110","T",NULL
"DAMB_Q1","DAMB111","T","As tree DAMB_QT2"
"DAMB_Q1","DAMB112","T",NULL
"DAMB_Q1","DAMB113","T","As tree DAMB_QT2"
"DAMB_Q1","DAMB114","T","As tree DAMB_QT1"
"DAMP_Q1","DAMP101","T","As tree DAMP_QT1"
"DAMP_Q1","DAMP102","T",NULL
"DAMP_Q1","DAMP103","T",NULL
"DAMP_Q1","DAMP104","T","As tree DAMP_QT2"
"DAMP_Q1","DAMP105","T",NULL
"DAMP_Q1","DAMP106","T","As tree DAMP_QT2"
"DAMP_Q1","DAMP108","T",NULL
"DAMP_Q1","DAMP109","T","As tree DAMP_QT2"
"DAMP_Q1","DAMP110","T","As tree DAMP_QT1"
"DEU_Q1","DEU0014","1",NULL
"DEU_Q1","DEU0017","Q",NULL
"DEU_Q1","DEU0018","Q",NULL
"DEU_Q1","DEU0019","Q",NULL
"DEU_Q1","DEU0020","1",NULL
"DIF_Q1","DIF0015","1",NULL
"DIF_Q1","DIF0025","1",NULL
"DIF_Q1","DIFO001","0",NULL
"DIF_Q1","DIFO003","1",NULL
"DIF_Q1","DIFO009","1",NULL
"DIF_Q1","DIFO013","1",NULL
"DIF_Q1","DIFO014","1",NULL
"DIF_Q1","DIFO015","1",NULL
"DIF_Q1","DIFO017","0",NULL
"DIF_Q1","DIFO018","1",NULL
"DIF_Q1","DIFO019","0",NULL
"DIF_Q1","DIFO020","1",NULL
"DIF_Q1","DIFO022","1",NULL
"DIF_Q1","DIFO026","1",NULL
"DIF_Q1","DIFO035","1",NULL
"DIF_Q1","DIFO036","1",NULL
"DIF_Q1","DIFO039","0",NULL
"DIF_Q1","DIFO040","1",NULL
"DIF_Q1","DIFO041","1",NULL
"DIF_Q1","DIFO043","Q",NULL
"DIF_Q1","DIFO044","Q",NULL
"DIF_Q1","DIFO046","Q",NULL
"DIF_Q1","DIFO047","1",NULL
"DIF_Q1","DIFO049","1",NULL
"DIF_Q1","DIFO050","Q",NULL
"DIF_Q1","DIFO051","Q",NULL
"DIF_Q1","DIFO054","Q",NULL
"DIF_Q1","DIFO057","1",NULL
"DIF_Q1","DIFO062","1",NULL
"DIF_Q1","DIFO063","Q",NULL
"DIK_Q1","DIK0001","Q",NULL
"DIK_Q1","DIK0002","1",NULL
"DIK_Q1","DIK0003","1",NULL
"DMN1_Q1","DMN1003","0","As tree DMN1_QT1"
"DMN1_Q1","DMN1004","1","As tree DMN1_QT1"
"DMN1_Q1","DMN1005","0","As tree DMN1_QT1"
"DMN1_Q1","DMN1006","1","As tree DMN1_QT1"
"DMN1_Q1","DMN1031","Q",NULL
"DMN1_Q1","DMN1034","1",NULL
"DMN1_Q1","DMN1036","0",NULL
"DMN1_Q1","DMN1037","0",NULL
"DMN1_Q1","DMN1KD1","2","As tree DMN1_QT2"
"DMN1_Q1","DMN1KD2","2","As tree DMN1_QT2"
"DMN1_Q2","DMN1001","0",NULL
"DMN1_Q2","DMN1008","1",NULL
"DMN1_Q3","DMN1025","1",NULL
"DMN1_Q3","DMN1030","1",NULL
"DMN1_Q3","DMN1033","1",NULL
"DMN4_Q1","DMN4001","0",NULL
"DMN4_Q1","DMN4002","2",NULL
"DMN4_Q1","DMN4003","1",NULL
"DMN4_Q1","DMN4005","1","As tree DMN4_QT1"
"DMN4_Q1","DMN4006","Q","As tree DMN4_QT2"
"DMN4_Q1","DMN4009","1",NULL
"DMN4_Q1","DMN4010","1",NULL
"DMN4_Q1","DMN4012","1",NULL
"DMN4_Q1","DMN4013","1",NULL
"DMN4_Q1","DMN4014","Q","As tree DMN4_QT1; onderdrukte en versnelde groei in begin"
"DMN4_Q1","DMN4015","Q","As tree DMN4_QT2; weinig jaar tot jaar variatie after 1AD, wel duidelijk trend"
"DMN4_Q1","DMN4016","0",NULL
"DMP_F1","DMP0001","0",NULL
"DMP_F1","DMP0002","Q",NULL
"DMP_F1","DMP0003","Q",NULL
"DMP_F1","DMP0004","0",NULL
"DMW_A1","DMW0012","Q",NULL
"DMW_A1","DMW0013","Q",NULL
"DMW_A1","DMW0014","1",NULL
"DMW_A1","DMW0017","Q",NULL
"DMW_A1","DMW0019","1",NULL
"DMW_A1","DMW0020","Q",NULL
"DMW_P1","DMW0002","1",NULL
"DMW_P1","DMW0010","Q",NULL
"DMW_P1","DMW0011","Q",NULL
"DMW_P1","DMW0021","1",NULL
"DOUX1_Q1","DOUX102","T",NULL
"DOUX1_Q1","DOUX103","T","As tree DOUX_QT1"
"DOUX1_Q1","DOUX104","T","As tree DOUX_QT1"
"EKB_Q1","EKB0003","0",NULL
"EKB_Q1","EKB0004","1","As tree EKB_QT1"
"EKB_Q1","EKB0006","1","As tree EKB_QT1"
"ELS_Q1","ELS0001","1",NULL
"ELS_Q1","ELS0002","0","As tree ELS_QT1"
"ELS_Q1","ELS0003","1",NULL
"ELS_Q1","ELS0004","1","As tree ELS_QT1"
"ELS_Q1","ELS0005","1",NULL
"ELS_Q1","ELS0006","0",NULL
"ELS_Q1","ELS0007","0",NULL
"ELS_Q1","ELS0008","1","As tree ELS_QT1"
"ELS_Q1","ELS0009","1","As tree ELS_QT2"
"ELS_Q1","ELS0010","1","As tree ELS_QT2"
"ELT_Q1","ELT0001","0",NULL
"ELT_Q1","ELT0002","1",NULL
"ELT_Q1","ELT0003","0",NULL
"ELT_Q1","ELT0004","0",NULL
"ELT_Q1","ELT0005","0",NULL
"ELT_Q1","ELT0006","0","As tree ELT_QT1"
"ELT_Q1","ELT0007","0","As tree ELT_QT1"
"ELT_Q1","ELT0008","0","As tree ELT_QT1"
"ELT_Q1","ELT0009","1","As tree ELT_QT1"
"ELT_Q1","ELT2001","0",NULL
"ELT_Q1","ELT2002","1",NULL
"ELT_Q1","ELT2003","1",NULL
"ELT_Q1","ELT2004","0",NULL
"EMP_Q1","EMP0004","1",NULL
"EMP_Q1","EMP0005","1","Los in groep; zijn boom EMP_QT1"
"EMP_Q1","EMP0006","1","Los in groep; zijn boom EMP_QT1"
"EMP_Q1","EMP0007","1",NULL
"EMP_Q1","EMP0010","1",NULL
"EMP_Q1","EMP0011","1",NULL
"EMP_Q1","EMP0012","1",NULL
"EMP_Q1","EMP0013","1",NULL
"EMP_Q1","EMP0014","1",NULL
"EMP_Q1","EMP0015","1",NULL
"EMP_Q1","EMP0016","1",NULL
"EOF_Q1","EOF0001","1",NULL
"EOF_Q1","EOF0002","1",NULL
"ERST2_Q1","ERST201","T",NULL
"ERST2_Q1","ERST202","T",NULL
"ERST2_Q1","ERST203","T",NULL
"ERST2_Q1","ERST204","T",NULL
"ERST2_Q1","ERST205","T",NULL
"F1B_Q1","F1B0101","Z",NULL
"F1B_Q1","F1B0102","Z",NULL
"F1B_Q1","F1B0103","Z",NULL
"F1B_Q1","F1B0201","Z",NULL
"F1B_Q1","F1B0301","Z",NULL
"F1B_Q1","F1B0302","Z",NULL
"F1B_Q1","F1B0401","Z",NULL
"F1B_Q1","F1B0402","Z",NULL
"F1B_Q1","F1B0502","Z",NULL
"F1B_Q1","F1B0503","Z",NULL
"F1B_Q1","F1B0504","Z",NULL
"F1B_Q1","F1B0505","Z",NULL
"F1B_Q1","F1B0601","Z",NULL
"F1B_Q1","F1B0602","Z",NULL
"F1B_Q1","F1B0603","Y",NULL
"F1B_Q1","F1B0604","Z",NULL
"FLEV1_Q1","FLEV101","T",NULL
"FLEV1_Q1","FLEV102","T",NULL
"FLEV1_Q1","FLEV103","T",NULL
"FLEV1_Q1","FLEV105","T",NULL
"FLEV1_Q1","FLEV106","T",NULL
"FLEV1_Q1","FLEV108","T",NULL
"FLEV1_Q1","FLEV109","T",NULL
"FLEV1_Q1","FLEV111","T",NULL
"FLEV1_Q1","FLEV112","T",NULL
"FLEV1_Q1","FLEV113","T",NULL
"FLEV1_Q1","FLEV115","T",NULL
"FLEV1_Q1","FLEV117","T",NULL
"FLEV1_Q1","FLEV125","T",NULL
"FLEV1_Q1","FLEV126","T","As tree FLEV_QT1"
"FLEV1_Q1","FLEV127","T",NULL
"FLEV1_Q1","FLEV128","T",NULL
"FLEV1_Q1","FLEV129","T",NULL
"FLEV1_Q1","FLEV131","T","As tree FLEV_QT3"
"FLEV1_Q1","FLEV132","T","As tree FLEV_QT2"
"FLEV1_Q1","FLEV134","T","As tree FLEV_QT1"
"FLEV1_Q1","FLEV135","T",NULL
"FLEV1_Q1","FLEV136","T",NULL
"FLEV1_Q1","FLEV137","T",NULL
"FLEV1_Q1","FLEV138","T",NULL
"FLEV1_Q1","FLEV139","T",NULL
"FLEV1_Q1","FLEV140","T",NULL
"FLEV1_Q1","FLEV141","T",NULL
"FLEV1_Q1","FLEV142","T",NULL
"FLEV1_Q1","FLEV143","T",NULL
"FLEV1_Q1","FLEV144","T",NULL
"FLEV1_Q1","FLEV145","T",NULL
"FLEV1_Q1","FLEV146","T",NULL
"FLEV1_Q1","FLEV148","T","As tree FLEV_QT3"
"FLEV1_Q1","FLEV149","T","As tree FLEV_QT2"
"FLEV1_Q1","FLEV150","T",NULL
"FLEV1_Q2","FLEV104","T",NULL
"FLEV1_Q2","FLEV107","T",NULL
"FLEV1_Q2","FLEV114","T",NULL
"FLEV1_Q2","FLEV118","T",NULL
"FLEV1_Q2","FLEV119","T",NULL
"FLEV1_Q2","FLEV120","T",NULL
"FLEV1_Q2","FLEV121","T",NULL
"FLEV1_Q2","FLEV122","T",NULL
"FLEV1_Q2","FLEV130","T",NULL
"FLEV1_Q2","FLEV133","T",NULL
"FLEVO_Q1","NKF0001","1",NULL
"FLEVO_Q1","NKF0002","1",NULL
"FLEVO_Q1","NLF0002","0",NULL
"FLEVO_Q1","NLF0003","Q",NULL
"FLEVO_Q1","Y000C01","X",NULL
"FLEVO_Q1","Y000C02","Z",NULL
"FLEVO_Q1","Y000E02","Z",NULL
"FLOR_Q1","FLOR101","T",NULL
"FLOR_Q1","FLOR102","T",NULL
"FLOR_Q1","FLOR105","T",NULL
"FLOR_Q1","FLOR106","T",NULL
"FLOR_Q1","FLOR107","T",NULL
"FLOR_Q1","FLOR108","T",NULL
"FLOR_Q2","FLOR103","T",NULL
"FLOR_Q2","FLOR104","T",NULL
"GENP_Q1","GEN0011","1",NULL
"GENP_Q1","GEN0012","1",NULL
"GENP_Q1","GEN0013","1","As tree GEN_QT1"
"GENP_Q1","GEN0014","1","As tree GEN_QT1"
"GENP_Q1","GEN0015","1",NULL
"GENP_Q1","GEN0017","Q",NULL
"GENP_Q1","GEN0019","1","As tree GEN_QT1"
"GENP_Q1","GEN0020","1","As tree GEN_QT1"
"GENP_Q1","GEN0023","1","As tree GEN_QT1"
"GENP_Q1","GEP0001","1","As tree GEP_QT1"
"GENP_Q1","GEP0007","1",NULL
"GENP_Q1","GEP0008","1","As tree GEP_QT1"
"GENP_Q1","GEP0011","1","As tree GEP_QT1"
"GENP_Q1","GEP0014","1",NULL
"GENP_Q1","GEP0028","1",NULL
"GMW_Q1","GMW0001","1","As tree GMW_QT1"
"GMW_Q1","GMW0002","1",NULL
"GMW_Q1","GMW0003","1",NULL
"GMW_Q1","GMW0004","1","As tree GMW_QT1"
"GMW_Q1","GMW0005","1",NULL
"GMW_Q1","GMW0006","1",NULL
"GVE_Q1","GVE0001","1",NULL
"GVE_Q1","GVE0002","1",NULL
"GVE_Q1","GVE0003","1",NULL
"GVE_Q1","GVE0004","1",NULL
"GWP_Q1","GWP0001","0",NULL
"GWP_Q1","GWP0002","1",NULL
"HAR_F1","HAR0010","Q",NULL
"HAR_F1","HAR0011","Q",NULL
"HAR_F1","HAR0012","Q",NULL
"HAR_F1","HAR0013","Q",NULL
"HAR_F1","HAR0014","Q",NULL
"HBW_Q1","HBW0001","1",NULL
"HBW_Q1","HBW0003","1",NULL
"HBW_Q1","HBW0004","Q",NULL
"HBW_Q1","HBW0005","1",NULL
"HBW_Q1","HBW2002","Q",NULL
"HBW_Q1","HBW2004","1",NULL
"HER_Q1","HER0001","1","is HER_QT1"
"HER_Q1","HER0002","1","is HER_QT1"
"HER_Q1","HER0003","1","is HER_QT1"
"HER_Q1","HER0004","1","is HER_QT1"
"HER_Q1","HER0005","1","is HER_QT1"
"HER_Q1","HER0006","1","is HER_QT1"
"HER_Q1","HER0007","1","is HER_QT1"
"HER_Q1","HER0008","1","is HER_QT1"
"HKL_Q1","HKL0001","2",NULL
"HKL_Q1","HKL0005","Q",NULL
"HKL_Q1","HKL0006","0",NULL
"HKL_Q1","HKL0007","0",NULL
"HKL_Q1","HKL0008","Q",NULL
"HOK_Q1","HOK0008","0",NULL
"HOK_Q1","HOK0009","0",NULL
"HOK_Q1","HOK0010","0",NULL
"HOK_Q1","HOK0011","0",NULL
"HOK_Q1","HOK0015","Q",NULL
"HOK_Q1","HOK0016","0","As tree HOK_QT2"
"HOK_Q1","HOK0017","0","As tree HOK_QT2"
"HOK_Q1","HOK0019","0",NULL
"HOK_Q1","HOK0023","0",NULL
"HOK_Q1","HOK0024","1",NULL
"HOK_Q1","HOK0025","0",NULL
"HOK_Q2","HOK0001","Q",NULL
"HOK_Q2","HOK0001","X",NULL
"HOK_Q2","HOK0003","1","As tree HOK_QT1"
"HOK_Q2","HOK0004","1","As tree HOK_QT1"
"HOK_Q2","HOK0005","0",NULL
"HOK_Q2","HOK0006","1","As tree HOK_QT1"
"HORB1_Q1","HORB101","T",NULL
"HORB1_Q1","HORB102","T",NULL
"HORB1_Q1","HORB103","T","As tree HORB1QT1"
"HORB1_Q1","HORB106","T",NULL
"HORB1_Q1","HORB107","Q",NULL
"HORB1_Q1","HORB107","X",NULL
"HORB1_Q1","HORB109","T","As tree HORB1QT1"
"HORB1_Q1","HORB110","T",NULL
"HORB1_Q1","HORB111","T",NULL
"HORB2_Q1","HORB202","T",NULL
"HORB2_Q1","HORB203","Q",NULL
"HORB2_Q1","HORB204","Q",NULL
"HORB2_Q1","HORB205","T",NULL
"HORB2_Q1","HORB206","T",NULL
"HORB2_Q1","HORB207","T",NULL
"HORB2_Q1","HORB208","T",NULL
"HORB2_Q1","HORB209","Q",NULL
"HORB2_Q1","HORB210","Q",NULL
"HORB2_Q1","HORB211","T",NULL
"HORB2_Q1","HORB212","T",NULL
"HORB2_Q1","HORB213","Q",NULL
"HORB2_Q1","HORB213","X",NULL
"HORB3_Q1","HORB301","T",NULL
"HORB3_Q1","HORB302","T",NULL
"HORB3_Q1","HORB303","T",NULL
"HORB3_Q1","HORB304","Q",NULL
"HORB3_Q1","HORB305","T",NULL
"HORB3_Q1","HORB306","T",NULL
"HORB3_Q1","HORB307","T",NULL
"HORB3_Q1","HORB308","Q",NULL
"HORB3_Q1","HORB309","Q",NULL
"HORB3_Q1","HORB309","X",NULL
"HORB3_Q1","HORB310","T",NULL
"HORB3_Q1","HORB311","T",NULL
"HORB3_Q1","HORB312","T",NULL
"HORB3_Q1","HORB314","T","As tree HORB3_QT1; last ring removed"
"HORB3_Q1","HORB315","T",NULL
"HORB3_Q1","HORB316","T",NULL
"HORB3_Q1","HORB317","T",NULL
"HORB3_Q1","HORB318","T","As tree HORB3_QT1; last ring removed"
"HORB3_Q1","HORB319","T",NULL
"HORB3_Q1","HORB320","T",NULL
"HORB3_Q1","HORB321","Q",NULL
"HORB3_Q1","HORB322","T","As tree HORB3_QT2"
"HORB3_Q1","HORB323","T","As tree HORB3_QT2"
"HORB3_Q1","HORB324","T",NULL
"HORB3_Q1","HORB325","T",NULL
"HORB3_Q1","HORB327","Q",NULL
"HORB3_Q1","HORB328","Q",NULL
"HORB3_Q1","HORB329","T",NULL
"HORB3_Q1","HORB330","T",NULL
"HORB3_Q1","HORB332","T",NULL
"HORB3_Q1","HORB333","T","As tree HORB3_QT3"
"HORB3_Q1","HORB334","T","As tree HORB3_QT3"
"HORB3_Q1","HORB335","T","As tree HORB3_QT4"
"HORB3_Q1","HORB336","T",NULL
"HORB3_Q1","HORB337","Q",NULL
"HORB3_Q1","HORB338","T",NULL
"HORB3_Q1","HORB339","T","As tree HORB3_QT5"
"HORB3_Q1","HORB340","T",NULL
"HORB3_Q1","HORB341","T",NULL
"HORB3_Q1","HORB342","T",NULL
"HORB3_Q1","HORB343","T",NULL
"HORB3_Q1","HORB344","T",NULL
"HORB3_Q1","HORB345","T","As tree HORB3_QT5"
"HORB3_Q1","HORB346","T","As tree HORB3_QT4"
"HORB3_Q1","HORB347","T","As tree HORB3_QT4"
"HORB3_Q1","HORB348","Q",NULL
"HORB3_Q1","HORB349","T",NULL
"HORB3_Q1","HORB350","T",NULL
"HORB3_Q1","HORB351","T",NULL
"HORB3_Q1","HORB352","T",NULL
"HORB3_Q1","HORB353","T",NULL
"HORB3_Q1","HORB354","Q",NULL
"HORB3_Q1","HORB355","T","As tree HORB3_QT6"
"HORB3_Q1","HORB356","Q",NULL
"HORB3_Q1","HORB357","T","As tree HORB3_QT6"
"HRW_Q1","HRW0001","Q","As tree HRW_QT1"
"HRW_Q1","HRW0002","Q","As tree HRW_QT1"
"HRW_Q1","HRW2001","0",NULL
"HRW_Q1","HRW2002","0",NULL
"HRW_Q1","HRW2003","0",NULL
"HRW_Q1","HRW2004","0",NULL
"HRW_Q1","HRW2005","1",NULL
"HRW_Q1","HRW3001","1","As tree HRW3_QT1"
"HRW_Q1","HRW3002","1",NULL
"HRW_Q1","HRW3003","1","As tree HRW3_QT1"
"HRW_Q1","HRW3004","1",NULL
"HRW_Q1","HRW4001","1","As tree HRW4_QT1"
"HRW_Q1","HRW4002","1","As tree HRW4_QT1"
"HRW_Q1","HRW4003","1","As tree HRW4_QT1"
"HRW_Q1","HRW4004","1","As tree HRW4_QT1"
"HRW_Q1","HRW4005","1","As tree HRW4_QT1"
"HRW_Q1","HRW4006","1","As tree HRW4_QT1"
"HRW_Q1","HRW4007","1","As tree HRW4_QT1"
"HRW_Q1","HRW4008","1","As tree HRW4_QT1"
"HRW_Q1","HRW4009","1","As tree HRW4_QT1"
"IALP_Q1","IALP062","0","veel flags in cofecha"
"IALP_Q1","IALP065","G","veel flags in cofecha"
"IBYK_Q1","IBYK001","1","As tree IBYK_QT1"
"IBYK_Q1","IBYK002","1","As tree IBYK_QT1"
"IBYK_Q1","IBYK003","1","As tree IBYK_QT3"
"IBYK_Q1","IBYK007","1","As tree IBYK_QT2"
"IBYK_Q1","IBYK009","1","As tree IBYK_QT1"
"IBYK_Q1","IBYK010","1","As tree IBYK_QT2"
"IBYK_Q1","IBYK011","1",NULL
"IBYK_Q1","IBYK013","1","As tree IBYK_QT3"
"IBYK_Q1","IBYK015","1","As tree IBYK_QT2"
"IJS_Q1","IJS0001","1",NULL
"IJS_Q1","IJS0002","1",NULL
"IJS_Q1","IJS0003","0",NULL
"IJS_Q1","IJS0004","Q",NULL
"ILLA_Q1","ILLA201","T",NULL
"ILLA_Q1","ILLA202","T",NULL
"ILLA_Q1","ILLA203","Q",NULL
"ILLA_Q1","ILLA204","T",NULL
"IWRD_Q1","IWRD532","A",NULL
"IWRD_Q1","IWRD577","C",NULL
"IWRD_Q1","IWRD578","A",NULL
"JARN_Q1","JARN101","T",NULL
"JARN_Q1","JARN102","Q",NULL
"KNES_Q1","KNES24","H",NULL
"KNES_Q1","KNES30a","Q",NULL
"KNES_Q1","KNES30c","Q",NULL
"KNES_Q1","KNES30d","H",NULL
"LANG_Q1","LANG101","T",NULL
"LANG_Q1","LANG102","T",NULL
"LANG_Q1","LANG103","T",NULL
"LEV_Q1","LEV0001","0","Boom? LEV_QT1"
"LEV_Q1","LEV0002","1","Boom? LEV_QT1"
"LIE_A1","LIE0001","1",NULL
"LIE_A1","LIE0002","1",NULL
"LIE_A1","LIE0003","1",NULL
"LIE_A1","LIE0004","1",NULL
"LIE_A1","LIE0005","1",NULL
"LIW_Q1","LIW0001","1","As tree LIW_QT1"
"LIW_Q1","LIW0002","1",NULL
"LIW_Q1","LIW0003","1","As tree LIW_QT1"
"LIW_Q1","LIW0006","1","As tree LIW_QT2"
"LIW_Q1","LIW0007","1","As tree LIW_QT2"
"LMH_Q1","LMH0001","1",NULL
"LMH_Q1","LMH0004","1",NULL
"LMH_Q2","LMH0002","1",NULL
"LMH_Q2","LMH0003","1",NULL
"LOK_Q1","LOK0003","0","possibly a single tree"
"LOK_Q1","LOK0004","0","possibly a single tree"
"LOK_Q1","LOK0005","0","possibly a single tree"
"LOK_Q1","LOK0006","0","possibly a single tree"
"LOK_Q1","LOK0007","1","possibly a single tree"
"LRB_Q1","LRB0025","0",NULL
"LRB_Q1","LRB0027","0",NULL
"LRB_Q1","LRB0032","0",NULL
"LRC_Q1","LRC0021","Q",NULL
"LRC_Q1","LRC0022","1",NULL
"LRC_Q1","LRC0023","Q",NULL
"LRC_Q1","LRC0024","1","As tree LRC_QT1"
"LRC_Q1","LRC0025","1","As tree LRC_QT1"
"LRC_Q1","LRC0026","1",NULL
"LRC_Q1","LRC0027","1",NULL
"LRC_Q1","LRC0028","1",NULL
"LRC_Q1","LRC0029","Q",NULL
"LRC_Q1","LRC0030","1","As tree LRC_QT1"
"LRC_Q1","LRC0031","1",NULL
"LRC_Q2","LRC0035","1","As tree LRC_QT2"
"LRC_Q2","LRC0036","0",NULL
"LRC_Q2","LRC0037","1","As tree LRC_QT2"
"LRC_Q2","LRC0038","Q",NULL
"MAIR_Q1","MAIR201","T",NULL
"MAIR_Q1","MAIR202","T",NULL
"MAIR_Q1","MAIR203","T",NULL
"MAIR_Q1","MAIR204","T",NULL
"MAIR_Q1","MAIR205","T",NULL
"MAIR_Q1","MAIR206","T",NULL
"MAIR_Q1","MAIR207","T",NULL
"MAIR_Q1","MAIR208","T",NULL
"MAIR_Q1","MAIR209","T",NULL
"MAIR_Q1","MAIR210","T",NULL
"MAP_Q1","MAP0002","1",NULL
"MAP_Q1","MAP0003","1",NULL
"MAV_Q1","MAV0001","1",NULL
"MAV_Q1","MAV0002","1",NULL
"MB_Q1","MB-O1b","H",NULL
"MB_Q1","MB-xx","H",NULL
"MB_Q1","MB-Z1","Q",NULL
"MB_Q1","MB-Z5","H",NULL
"MB_Q1","MB-ZW7","Q",NULL
"MB_Q1","MB-ZW8","H","As tree MB_QT1"
"MB_Q1","MB-ZW9","H","As tree MB_QT1"
"MEH_A1","MEH0002","1",NULL
"MEH_A1","MEH0003","1",NULL
"MEK_Q1","MEK07N3","Q",NULL
"MEK_Q1","MEK07N3","X",NULL
"MEK_Q1","MEK07N4","Q",NULL
"MEK_Q1","MEK07N7","Q",NULL
"MEK_Q1","MEK07O2","H",NULL
"MEK_Q1","MEK07O3","H",NULL
"MEK_Q1","MEK07O6","H",NULL
"MEK_Q1","MEK07W1","H",NULL
"MEK_Q1","MEK07W2","H",NULL
"MEK_Q1","MEK07W3","Q",NULL
"MEK_Q1","MEK07W3","X",NULL
"MEK_Q1","MEK07W6","H",NULL
"MEK_Q1","MEK07W7","H",NULL
"MEK_Q1","MEK07Z3","H",NULL
"MEK_Q1","MEK07Z4","H",NULL
"METZ_Q1","METZ627","T",NULL
"METZ_Q1","METZ641","Q",NULL
"METZ_Q1","METZ648","T",NULL
"METZ_Q1","METZ649","Q",NULL
"METZ_Q1","METZ650","T",NULL
"METZ_Q2","METZ601","T",NULL
"METZ_Q2","METZ607","T",NULL
"METZ_Q2","METZ608","T",NULL
"METZ_Q2","METZ612","Q",NULL
"METZ_Q2","METZ614","T",NULL
"METZ_Q2","METZ615","Q",NULL
"METZ_Q2","METZ616","T",NULL
"METZ_Q2","METZ628","T",NULL
"METZ_Q2","METZ629","Q",NULL
"METZ_Q2","METZ630","T",NULL
"METZ_Q2","METZ632","T",NULL
"METZ_Q2","METZ633","T",NULL
"METZ_Q2","METZ634","Q",NULL
"METZ_Q2","METZ639","T",NULL
"METZ_Q2","METZ640","Q",NULL
"METZ_Q2","METZ642","Q",NULL
"METZ_Q3","METZ604","T",NULL
"METZ_Q3","METZ605","T",NULL
"METZ_Q3","METZ606","T",NULL
"METZ_Q3","METZ610","T",NULL
"METZ_Q3","METZ618","T",NULL
"METZ_Q3","METZ619","T",NULL
"METZ_Q3","METZ620","Q",NULL
"METZ_Q3","METZ621","T",NULL
"METZ_Q3","METZ622","T",NULL
"METZ_Q3","METZ623","T",NULL
"METZ_Q3","METZ624","T",NULL
"METZ_Q3","METZ625","T",NULL
"METZ_Q3","METZ626","T",NULL
"METZ_Q3","METZ631","Q",NULL
"METZ_Q3","METZ643","Q",NULL
"MMB_Q1","MMB0003","1",NULL
"MMB_Q1","MMB0007","1",NULL
"MMB_Q1","MMB0015","1",NULL
"MMB_Q2","MMB0001","0",NULL
"MMB_Q2","MMB0006","1",NULL
"MMB_Q2","MMB0010","1",NULL
"MMB_Q2","MMB0013","1","As tree MMB_QT1"
"MMB_Q2","MMB0014","1","As tree MMB_QT1"
"MMB_Q3","MMB0002","0",NULL
"MMB_Q3","MMB0005","0",NULL
"MMB_Q3","MMB0008","1",NULL
"NEW_Q1","NEW0002","1",NULL
"NEW_Q1","NEW0003","1",NULL
"NEW_Q1","NEW0004","1",NULL
"NEW_Q1","NEW0005","1",NULL
"NEW_Q1","NEW0006","Q",NULL
"NEW_Q1","NEW0006","X",NULL
"NEW_Q1","NEW0007","1",NULL
"NEW_Q1","NEW0008","1",NULL
"NEW_Q1","NEW0009","1","As tree NEW_QT1"
"NEW_Q1","NEW0010","1","As tree NEW_QT1"
"NEW_Q1","NEW0011","Q",NULL
"NEW_Q1","NEW0012","1",NULL
"NEW_Q1","NEW0013","1",NULL
"NEW_Q1","NEW0014","1",NULL
"NOVY_Q1","NOVY101","T","As tree NOVY_QT1"
"NOVY_Q1","NOVY102","T","As tree NOVY_QT2 (muv stuk before -226(205))"
"NOVY_Q1","NOVY103","T","As tree NOVY_QT3"
"NOVY_Q1","NOVY104","T",NULL
"NOVY_Q1","NOVY105","T",NULL
"NOVY_Q1","NOVY106","T","As tree NOVY_QT2 (muv stuk before -226(205))"
"NOVY_Q1","NOVY107","T",NULL
"NOVY_Q1","NOVY108","T",NULL
"NOVY_Q1","NOVY109","T",NULL
"NOVY_Q1","NOVY110","T","As tree NOVY_QT6"
"NOVY_Q1","NOVY111","T",NULL
"NOVY_Q1","NOVY113","T","As tree NOVY_QT1"
"NOVY_Q1","NOVY114","T",NULL
"NOVY_Q1","NOVY115","Q",NULL
"NOVY_Q1","NOVY116","Q",NULL
"NOVY_Q1","NOVY117","T",NULL
"NOVY_Q1","NOVY118","T",NULL
"NOVY_Q1","NOVY119","T",NULL
"NOVY_Q1","NOVY120","T",NULL
"NOVY_Q1","NOVY121","T",NULL
"NOVY_Q1","NOVY122","T",NULL
"NOVY_Q1","NOVY123","T",NULL
"NOVY_Q1","NOVY124","T",NULL
"NOVY_Q1","NOVY125","T",NULL
"NOVY_Q1","NOVY126","T",NULL
"NOVY_Q1","NOVY127","T","As tree NOVY_QT2 (muv stuk before -226(205))"
"NOVY_Q1","NOVY128","T","As tree NOVY_QT5"
"NOVY_Q1","NOVY129","T","As tree NOVY_QT3"
"NOVY_Q1","NOVY130","T",NULL
"NOVY_Q1","NOVY132","T","As tree NOVY_QT2 (muv stuk before -226(205))"
"NOVY_Q1","NOVY135","T","As tree NOVY_QT3"
"NOVY_Q1","NOVY136","T","As tree NOVY_QT6"
"NOVY_Q1","NOVY137","T",NULL
"NOVY_Q1","NOVY138","T","As tree NOVY_QT5"
"NOVY_Q1","NOVY140","T","As tree NOVY_QT5"
"NOVY_Q1","NOVY141","T",NULL
"NOVY_Q1","NOVY142","T","As tree NOVY_QT3"
"NOVY_Q1","NOVY148","T","As tree NOVY_QT3"
"NOVY_Q1","NOVY149","T","As tree NOVY_QT3"
"NOVY_Q1","NOVY150","T",NULL
"NOVY_Q1","NOVY151","T","As tree NOVY_QT6"
"NOVY_Q2","NOVY112","T","As tree NOVY_QT4"
"NOVY_Q2","NOVY131","T",NULL
"NOVY_Q2","NOVY133","T",NULL
"NOVY_Q2","NOVY134","T",NULL
"NOVY_Q2","NOVY139","T",NULL
"NOVY_Q2","NOVY143","T",NULL
"NOVY_Q2","NOVY144","T","As tree NOVY_QT4"
"NOVY_Q2","NOVY145","T","As tree NOVY_QT4"
"NOVY_Q2","NOVY146","T","As tree NOVY_QT4"
"NOVY_Q2","NOVY147","T","Past iets minder dan rest, maar is prima"
"NWH_Q1","NWH0001","1",NULL
"NWH_Q1","NWH0002","Q",NULL
"NWH_Q1","NWH0003","1",NULL
"NWH_Q1","NWH0004","1",NULL
"NWH_Q1","NWH0005","Q",NULL
"NWH_Q1","NWH0006","1",NULL
"NWH_Q1","NWH0007","1",NULL
"NWH_Q1","NWH0008","1",NULL
"NWH_Q1","NWH0009","1",NULL
"NWH_Q1","NWH0010","1",NULL
"NWH_Q1","NWH0011","1",NULL
"NWH_Q1","NWH0012","1",NULL
"NWH_Q1","NWH0013","1",NULL
"NWH_Q1","NWH0014","1",NULL
"NWH_Q1","NWH0018","1",NULL
"NWH_Q1","NWH0019","1",NULL
"NWH_Q1","NWH0020","1",NULL
"NWH_Q1","NWH0021","Q",NULL
"NWH_Q1","NWH0023","1",NULL
"NWH_Q1","NWH0024","1",NULL
"NWH_Q1","NWH0025","1",NULL
"NWH_Q1","NWH0026","1",NULL
"NWH_Q1","NWH0027","1",NULL
"NWH_Q1","NWH0028","1",NULL
"NWH_Q1","NWH0029","1",NULL
"NWH_Q1","NWH0030","1",NULL
"NWH_Q1","NWH0031","1",NULL
"NWH_Q1","NWH0032","1",NULL
"NWH_Q1","NWH0033","1",NULL
"NWH_Q1","NWH0034","1",NULL
"NWH_Q1","NWH0035","1",NULL
"NWH_Q1","NWH0036","1",NULL
"NWH_Q1","NWH0038","1",NULL
"NWH_Q1","NWH0039","1",NULL
"NWH_Q1","NWH0040","1",NULL
"NWH_Q1","NWH0041","Q",NULL
"NWH_Q1","NWH0042","1",NULL
"NWH_Q1","NWH0043","1",NULL
"NWH_Q1","NWH0044","1",NULL
"OFBG_Q1","OFBG201","T","As tree OFBG_QT1"
"OFBG_Q1","OFBG202","T","As tree OFBGQT2Q; before -44(125) removed"
"OFBG_Q1","OFBG204","T","As tree OFBG_QT1"
"OFBG_Q1","OFBG205","T",NULL
"OFBG_Q1","OFBG206","Q",NULL
"OFBG_Q1","OFBG207","T",NULL
"OFBG_Q1","OFBG208","Q",NULL
"OFBG_Q1","OFBG208","X",NULL
"OFBG_Q1","OFBG209","Q",NULL
"OFBG_Q1","OFBG209","X",NULL
"OFBG_Q1","OFBG210","T","As tree OFBGQT2Q; before -44(125) removed"
"OFBG_Q1","OFBG211","T","As tree OFBG_QT3"
"OFBG_Q1","OFBG212","T",NULL
"OFBG_Q1","OFBG213","T","As tree OFBG_QT1"
"OFBG_Q1","OFBG214","T","As tree OFBG_QT1"
"OFBG_Q1","OFBG216","T","As tree OFBGQT2Q; before -44(125) removed"
"OFBG_Q1","OFBG217","T","As tree OFBG_QT3"
"OFBG_Q1","OFBG218","Q",NULL
"OFBG_Q1","OFBG218","X",NULL
"OFBG_Q1","OFBG219","Q",NULL
"OSH_Q1","OSH0001","0","As tree OSH_QT1"
"OSH_Q1","OSH0002","0","As tree OSH_QT2"
"OSH_Q1","OSH0003","1","As tree OSH_QT2"
"OSH_Q1","OSH0004","0","As tree OSH_QT1"
"OSH_Q1","OSH0010","0",NULL
"OSH_Q1","OSH0016","1",NULL
"OSH_Q1","OSH0017","1",NULL
"OSH_Q1","OSH0018","1",NULL
"OSH_Q1","OSH0019","0",NULL
"OSH_Q1","OSH0020","1",NULL
"OSH_Q1","OSH0022","0",NULL
"OSH_Q1","OSH0024","1",NULL
"OSH_Q1","OSH0025","Q",NULL
"OSH_Q1","OSH0027","1",NULL
"OSND_Q1","OSD0002","1","As tree OSD_QT1"
"OSND_Q1","OSD0003","1","As tree OSD_QT2"
"OSND_Q1","OSD0004","1","As tree OSD_QT1"
"OSND_Q1","OSD0005","1","As tree OSD_QT1"
"OSND_Q1","OSD0008","1","As tree OSD_QT1"
"OSND_Q1","OSD0009","1",NULL
"OSND_Q1","OSD0010","1","As tree OSD_QT3"
"OSND_Q1","OSD0011","1","As tree OSD_QT3"
"OSND_Q1","OSD0014","1","As tree OSD_QT2"
"OSND_Q1","OSD0015","1",NULL
"OSND_Q1","OSD0016","1","As tree OSD_QT1"
"OSND_Q1","OSD0017","Q",NULL
"OSND_Q1","OSN0001","1",NULL
"OSND_Q1","OSN0002","1",NULL
"OSND_Q1","OSN0003","1",NULL
"OSND_Q1","OSN0004","1",NULL
"OSP_Q1","OSP0001","1",NULL
"OSP_Q1","OSP0002","1",NULL
"OSP_Q1","OSP0003","1",NULL
"OSP_Q1","OSP0004","1","As tree OSP_QT1"
"OSP_Q1","OSP0005","1","As tree OSP_QT1"
"OSP_Q1","OSP0006","1",NULL
"OSP_Q1","OSP0007","1","As tree OSP_QT1"
"OSP_Q1","OSP0008","1",NULL
"OSP_Q1","OSP0009","1",NULL
"OSP_Q1","OSP0010","1","As tree OSP_QT1"
"OSUS_Q1","OSD0002","1","As tree OSD_QT1"
"OSUS_Q1","OSD0003","1","As tree OSD_QT2"
"OSUS_Q1","OSD0004","1","As tree OSD_QT1"
"OSUS_Q1","OSD0005","1","As tree OSD_QT1"
"OSUS_Q1","OSD0008","1","As tree OSD_QT1"
"OSUS_Q1","OSD0010","1","As tree OSD_QT3"
"OSUS_Q1","OSD0011","1","As tree OSD_QT3"
"OSUS_Q1","OSD0014","1","As tree OSD_QT2"
"OSUS_Q1","OSD0015","1",NULL
"OSUS_Q1","OSD0016","1","As tree OSD_QT1"
"OSUS_Q1","OSD0017","Q",NULL
"OSUS_Q1","OSN0001","1",NULL
"OSUS_Q1","OSN0002","1",NULL
"OSUS_Q1","OSN0003","1",NULL
"OSUS_Q1","OSN0004","1",NULL
"OSUS_Q1","OSP0001","1",NULL
"OSUS_Q1","OSP0002","1",NULL
"OSUS_Q1","OSP0003","1",NULL
"OSUS_Q1","OSP0004","1","As tree OSP_QT1"
"OSUS_Q1","OSP0005","1","As tree OSP_QT1"
"OSUS_Q1","OSP0006","1",NULL
"OSUS_Q1","OSP0007","1","As tree OSP_QT1"
"OSUS_Q1","OSP0008","1",NULL
"OSUS_Q1","OSP0009","1",NULL
"OSUS_Q1","OSP0010","1","As tree OSP_QT1"
"OSW_A1","OSW0001","1",NULL
"OSW_A1","OSW0002","1",NULL
"OSW_A1","OSW0004","1",NULL
"OUD_Q1","OUD2245","K",NULL
"OUD_Q1","OUD2273","K",NULL
"OUD_Q1","OUD2281","K",NULL
"POM3_Q1","POM3001","L",NULL
"POM3_Q1","POM3003","L",NULL
"POM3_Q1","POM3005","L",NULL
"POM3_Q1","POM3006","L",NULL
"POM3_Q1","POM3008","L","As tree POM3_QT1"
"POM3_Q1","POM3009","L","As tree POM3_QT1"
"POM3_Q1","POM3010","L",NULL
"POM3_Q1","POM3011","L",NULL
"POM3_Q1","POM3012","L",NULL
"POM3_Q1","POM3013","L",NULL
"POM4_Q1","POM4001","L","As tree POM4_QT1"
"POM4_Q1","POM4002","L","As tree POM4_QT1"
"POM4_Q1","POM4004","L","As tree POM4_QT1"
"POM4_Q1","POM4006","L",NULL
"RAT_Q1","RAT0001","1",NULL
"RAT_Q1","RAT0002","1",NULL
"RAT_Q1","RAT0003","1",NULL
"RHH_Q1","RHH0001","1",NULL
"RHH_Q1","RHH0002","1",NULL
"RHH_Q1","RHH0003","1",NULL
"RHW_Q1","RHW0001","0","zwakke r, hoge GLK"
"RHW_Q1","RHW0002","0","zwakke r, hoge GLK"
"SAND_Q1","SAND101","T",NULL
"SAND_Q1","SAND102","T",NULL
"SAND_Q1","SAND103","Q",NULL
"SARR2_Q1","SARR204","T",NULL
"SARR2_Q1","SARR205","T",NULL
"SARR2_Q1","SARR211","T",NULL
"SARR2_Q1","SARR212","T",NULL
"SARR2_Q1","SARR215","T",NULL
"SARR2_Q1","SARR217","T",NULL
"SARR2_Q1","SARR219","T",NULL
"SARR2_Q1","SARR221","T",NULL
"SARR2_Q1","SARR224","T",NULL
"SARR2_Q1","SARR225","T",NULL
"SARR2_Q2","SARR203","T",NULL
"SARR2_Q2","SARR207","T",NULL
"SARR2_Q2","SARR210","T",NULL
"SARR2_Q3","SARR202","T",NULL
"SARR2_Q3","SARR206","T",NULL
"SARR2_Q3","SARR209","T",NULL
"SARR6_Q1","SARR601","T",NULL
"SARR6_Q1","SARR602","T","As tree SARR6QT1"
"SARR6_Q1","SARR603","T","As tree SARR6QT2"
"SARR6_Q1","SARR604","Q",NULL
"SARR6_Q1","SARR604","X",NULL
"SARR6_Q1","SARR605","T",NULL
"SARR6_Q1","SARR607","T",NULL
"SARR6_Q1","SARR608","T",NULL
"SARR6_Q1","SARR609","T",NULL
"SARR6_Q1","SARR611","T",NULL
"SARR6_Q1","SARR612","T",NULL
"SARR6_Q1","SARR613","T",NULL
"SARR6_Q1","SARR614","T",NULL
"SARR6_Q1","SARR615","T",NULL
"SARR6_Q1","SARR616","T",NULL
"SARR6_Q1","SARR617","Q",NULL
"SARR6_Q1","SARR617","X",NULL
"SARR6_Q1","SARR618","T","As tree SARR6QT3; 1e ring van boom removed (-106)"
"SARR6_Q1","SARR619","T","As tree SARR6QT1"
"SARR6_Q1","SARR620","T",NULL
"SARR6_Q1","SARR621","T",NULL
"SARR6_Q1","SARR622","T","As tree SARR6QT3; 1e ring van boom removed (-106)"
"SARR6_Q1","SARR623","T","As tree SARR6QT2"
"SARR6_Q1","SARR624","T",NULL
"SARR6_Q1","SARR625","T","As tree SARR6QT2"
"SARR6_Q1","SARR627","T",NULL
"SARR6_Q1","SARR629","T",NULL
"SARR6_Q1","SARR630","T","As tree SARR6QT2"
"SARR6_Q1","SARR632","T",NULL
"SARR6_Q1","SARR633","T","As tree SARR6QT3; 1e ring van boom removed (-106)"
"SARR6_Q1","SARR634","T","As tree SARR6QT2"
"SARR6_Q1","SARR635","T",NULL
"SARR6_Q1","SARR636","T",NULL
"SARR6_Q1","SARR637","T","As tree SARR6QT1"
"SARR6_Q1","SARR638","T","As tree SARR6QT3; 1e ring van boom removed (-106)"
"SAUL_Q1","SAUL101","T","As tree SAUL_QT1"
"SAUL_Q1","SAUL102","T",NULL
"SAUL_Q1","SAUL103","T",NULL
"SAUL_Q1","SAUL104","T",NULL
"SAUL_Q1","SAUL105","T",NULL
"SAUL_Q1","SAUL106","T",NULL
"SAUL_Q1","SAUL107","T",NULL
"SAUL_Q1","SAUL108","T","As tree SAUL_QT2"
"SAUL_Q1","SAUL109","T","As tree SAUL_QT1"
"SAUL_Q1","SAUL110","T",NULL
"SAUL_Q1","SAUL111","T","As tree SAUL_QT2"
"SAUL_Q1","SAUL112","T",NULL
"SCH_F1","SCH0001","M",NULL
"SCH_F1","SCH0002","M",NULL
"SCH_F1","SCH0003","M",NULL
"SCH_F1","SCH0004","M",NULL
"SCH_F1","SCH0005","1",NULL
"SCH_F1","SCH0009","M",NULL
"SCH_F1","SCH0010","M",NULL
"SCH_F1","SCH0011","1",NULL
"SCH_F1","SCH0014","1",NULL
"SCH_F1","SCH0016","M",NULL
"SCH_F1","SCH0017","2",NULL
"SCH_F1","SCH0018","1",NULL
"SCH_F1","SCH0021","M",NULL
"SCH_F1","SCH0022","M",NULL
"SCH_F1","SCH0023","2",NULL
"SCH_F1","SCH0024","1",NULL
"SCH_F1","SCH0025","0",NULL
"SEME_Q1","SEME101","T",NULL
"SEME_Q1","SEME102","T",NULL
"SEME_Q1","SEME103","T",NULL
"SEME_Q1","SEME104","T",NULL
"SILL_Q1","SILL101","T",NULL
"SILL_Q1","SILL102","T",NULL
"SILL_Q1","SILL103","T","As tree SILL_QT4"
"SILL_Q1","SILL104","T","As tree SILL_QT1"
"SILL_Q1","SILL105","T",NULL
"SILL_Q1","SILL106","Q",NULL
"SILL_Q1","SILL107","T","As tree SILL_QT3"
"SILL_Q1","SILL108","T","As tree SILL_QT3"
"SILL_Q1","SILL109","T","As tree SILL_QT2"
"SILL_Q1","SILL110","T",NULL
"SILL_Q1","SILL111","T",NULL
"SILL_Q1","SILL112","T",NULL
"SILL_Q1","SILL113","T",NULL
"SILL_Q1","SILL114","T","As tree SILL_QT1"
"SILL_Q1","SILL116","T","As tree SILL_QT2"
"SILL_Q1","SILL117","T",NULL
"SILL_Q1","SILL118","T","As tree SILL_QT4"
"SILL_Q1","SILL122","T",NULL
"SILL_Q1","SILL124","T","As tree SILL_QT2"
"SILL_Q1","SILL126","T","As tree SILL_QT5"
"SILL_Q1","SILL128","T",NULL
"SILL_Q1","SILL129","T",NULL
"SILL_Q1","SILL130","T","As tree SILL_QT5"
"SILL_Q1","SILL131","T","As tree SILL_QT3"
"SILL_Q1","SILL132","Q",NULL
"SILL_Q1","SILL134","T",NULL
"SILL_Q1","SILL135","T",NULL
"SILL_Q1","SILL136","T","As tree SILL_QT2"
"SILL_Q1","SILL137","T",NULL
"SILL_Q1","SILL138","Q","As tree SILL_QT2"
"SILL_Q1","SILL140","T","As tree SILL_QT1"
"SILL_Q1","SILL141","T","As tree SILL_QT1"
"SILL_Q1","SILL142","T","As tree SILL_QT2"
"SILL_Q1","SILL143","Q",NULL
"SILL_Q1","SILL144","T","As tree SILL_QT2"
"SILL_Q1","SILL145","T","As tree SILL_QT2"
"SILL_Q1","SILL152","T",NULL
"SILL_Q1","SILL153","T","As tree SILL_QT1"
"SILL_Q2","SILL115","Q",NULL
"SILL_Q2","SILL119","T","As tree SILL_QT6 (zonder last ring)"
"SILL_Q2","SILL120","T",NULL
"SILL_Q2","SILL121","Q","As tree SILL_QT6 (zonder last ring)"
"SILL_Q2","SILL123","T",NULL
"SILL_Q2","SILL125","T","As tree SILL_QT6 (zonder last ring)"
"SILL_Q2","SILL127","T","As tree SILL_QT6 (zonder last ring)"
"SILL_Q2","SILL133","T","As tree SILL_QT6 (zonder last ring)"
"SILL_Q2","SILL139","T",NULL
"SILL_Q2","SILL146","T",NULL
"SILL_Q2","SILL147","T","As tree SILL_QT7"
"SILL_Q2","SILL148","T",NULL
"SILL_Q2","SILL149","T","As tree SILL_QT7"
"SILL_Q2","SILL150","T",NULL
"SILL_Q2","SILL151","T",NULL
"SIVR_Q1","SIVR101","T",NULL
"SIVR_Q1","SIVR102","T",NULL
"SIVR_Q1","SIVR103","T",NULL
"SIVR_Q1","SIVR104","T",NULL
"SIVR_Q1","SIVR105","Q",NULL
"SIVR_Q1","SIVR106","T",NULL
"SIVR_Q1","SIVR107","T",NULL
"SPR_Q1","SPR0001","0",NULL
"SPR_Q1","SPR0002","0",NULL
"SPR_Q1","SPR0003","0",NULL
"SPR_Q1","SPR0004","1",NULL
"SPR_Q1","SPR0005","Q",NULL
"STF_Q1","STF0001","Q",NULL
"STF_Q1","STF0002","Q",NULL
"STF_Q1","STF0003","Q",NULL
"STF_Q1","STF0004","1",NULL
"STF_Q1","STF0005","0",NULL
"STF_Q1","STF0006","0",NULL
"STF_Q1","STF0007","1",NULL
"STF_Q1","STF0008","Q",NULL
"STF_Q1","STF0010","0",NULL
"STF_Q1","STF0011","Q",NULL
"STF_Q1","STF0012","0",NULL
"STF_Q1","STF0013","1",NULL
"STF_Q1","STF0014","1",NULL
"STF_Q1","STF0015","0",NULL
"STF_Q1","STF0016","Q",NULL
"STF_Q1","STF0017","0",NULL
"STF_Q1","STF0018","1",NULL
"STF_Q1","STF0019","0",NULL
"STF_Q1","STF0020","Q",NULL
"STF_Q1","STF0021","Q",NULL
"STF_Q1","STF0022","1",NULL
"SWP_Q1","SWP0002","0",NULL
"SWP_Q1","SWP0003","0",NULL
"SWP_Q1","SWP0004","Q",NULL
"SWP_Q1","SWP0005","1",NULL
"TRAG_Q1","TRAG101","T",NULL
"TRAG_Q1","TRAG103","T",NULL
"TROY_Q1","TROY001","T",NULL
"TROY_Q1","TROY002","T",NULL
"TROY_Q1","TROY003","T","As tree TROYQT06"
"TROY_Q1","TROY004","T","As tree TROY_QT14"
"TROY_Q1","TROY005","T","As tree TROYQT06"
"TROY_Q1","TROY006","T","As tree TROYQT06"
"TROY_Q1","TROY007","Q",NULL
"TROY_Q1","TROY007","X",NULL
"TROY_Q1","TROY008","T",NULL
"TROY_Q1","TROY009","Q",NULL
"TROY_Q1","TROY010","T",NULL
"TROY_Q1","TROY011","T",NULL
"TROY_Q1","TROY012","T","As tree TROYQT02"
"TROY_Q1","TROY013","T",NULL
"TROY_Q1","TROY014","T","As tree TROYQT06"
"TROY_Q1","TROY015","T",NULL
"TROY_Q1","TROY016","T","As tree TROY_QT14"
"TROY_Q1","TROY017","T","As tree TROYQT06"
"TROY_Q1","TROY018","Q",NULL
"TROY_Q1","TROY018","X",NULL
"TROY_Q1","TROY019","T",NULL
"TROY_Q1","TROY020","T",NULL
"TROY_Q1","TROY021","T",NULL
"TROY_Q1","TROY022","T","As tree TROYQT02; after 27(124) removed"
"TROY_Q1","TROY023","T","As tree TROYQT03"
"TROY_Q1","TROY024","Q",NULL
"TROY_Q1","TROY025","T",NULL
"TROY_Q1","TROY026","T","As tree TROYQT03"
"TROY_Q1","TROY027","T",NULL
"TROY_Q1","TROY028","T",NULL
"TROY_Q1","TROY029","T",NULL
"TROY_Q1","TROY031","T",NULL
"TROY_Q1","TROY032","T",NULL
"TROY_Q1","TROY033","T",NULL
"TROY_Q1","TROY034","T","As tree TROYQT12"
"TROY_Q1","TROY035","T",NULL
"TROY_Q1","TROY036","Q",NULL
"TROY_Q1","TROY037","Q",NULL
"TROY_Q1","TROY038","T",NULL
"TROY_Q1","TROY039","T",NULL
"TROY_Q1","TROY040","T",NULL
"TROY_Q1","TROY041","T",NULL
"TROY_Q1","TROY042","T",NULL
"TROY_Q1","TROY043","T","As tree TROYQT11; waarbij r 43-45 removed"
"TROY_Q1","TROY044","T","As tree TROYQT12"
"TROY_Q1","TROY045","T",NULL
"TROY_Q1","TROY046","T",NULL
"TROY_Q1","TROY047","T",NULL
"TROY_Q1","TROY048","T",NULL
"TROY_Q1","TROY049","T",NULL
"TROY_Q1","TROY050","T",NULL
"TROY_Q1","TROY051","T",NULL
"TROY_Q1","TROY052","T",NULL
"TROY_Q1","TROY053","T",NULL
"TROY_Q1","TROY054","T","As tree TROYQT11; waarbij r 43-45 removed"
"TROY_Q1","TROY055","T",NULL
"TROY_Q1","TROY056","Q",NULL
"TROY_Q1","TROY057","T","As tree TROYQT03"
"TROY_Q1","TROY059","T","As tree TROYQT07"
"TROY_Q1","TROY060","T",NULL
"TROY_Q1","TROY061","T",NULL
"TROY_Q1","TROY062","T","As tree TROYQT02; after 27(124) removed"
"TROY_Q1","TROY063","T","As tree TROYQT02; after 27(124) removed"
"TROY_Q1","TROY064","T","As tree TROYQT02; after 27(124) removed"
"TROY_Q1","TROY065","T","As tree TROYQT02; after 27(124) removed"
"TROY_Q1","TROY066","T",NULL
"TROY_Q1","TROY067","T","As tree TROYQT02; after 27(124) removed"
"TROY_Q1","TROY068","T","As tree TROYQT02; after 27(124) removed"
"TROY_Q1","TROY069","T","As tree TROYQT07"
"TROY_Q1","TROY070","T","As tree TROYQT04"
"TROY_Q1","TROY071","Q",NULL
"TROY_Q1","TROY072","T",NULL
"TROY_Q1","TROY073","T","As tree TROYQT03"
"TROY_Q1","TROY074","T",NULL
"TROY_Q1","TROY075","T","As tree TROYQT04"
"TROY_Q1","TROY076","T",NULL
"TROY_Q1","TROY077","T",NULL
"TROY_Q1","TROY078","T",NULL
"TROY_Q1","TROY079","T","As tree TROYQT08"
"TROY_Q1","TROY080","T",NULL
"TROY_Q1","TROY081","Q",NULL
"TROY_Q1","TROY082","T",NULL
"TROY_Q1","TROY083","Q",NULL
"TROY_Q1","TROY084","Q",NULL
"TROY_Q1","TROY084","X",NULL
"TROY_Q1","TROY085","T",NULL
"TROY_Q1","TROY086","Q",NULL
"TROY_Q1","TROY087","Q",NULL
"TROY_Q1","TROY088","T",NULL
"TROY_Q1","TROY089","T",NULL
"TROY_Q1","TROY090","T",NULL
"TROY_Q1","TROY091","T","As tree TROYQT07"
"TROY_Q1","TROY092","T",NULL
"TROY_Q1","TROY093","T",NULL
"TROY_Q1","TROY094","T",NULL
"TROY_Q1","TROY095","Q",NULL
"TROY_Q1","TROY096","T",NULL
"TROY_Q1","TROY097","T","As tree TROYQT08"
"TROY_Q1","TROY098","T",NULL
"TROY_Q1","TROY099","T",NULL
"TROY_Q1","TROY100","T",NULL
"TROY_Q1","TROY101","T",NULL
"TROY_Q1","TROY102","T",NULL
"TROY_Q1","TROY103","T",NULL
"TROY_Q1","TROY104","T","As tree TROYQT13"
"TROY_Q1","TROY105","T",NULL
"TROY_Q1","TROY106","T","As tree TROYQT01"
"TROY_Q1","TROY107","T",NULL
"TROY_Q1","TROY108","T","As tree TROYQT01"
"TROY_Q1","TROY110","Q",NULL
"TROY_Q1","TROY111","T",NULL
"TROY_Q1","TROY112","T",NULL
"TROY_Q1","TROY113","T",NULL
"TROY_Q1","TROY114","T",NULL
"TROY_Q1","TROY115","T",NULL
"TROY_Q1","TROY116","T","As tree TROYQT13"
"TROY_Q1","TROY117","Q",NULL
"TROY_Q1","TROY118","T",NULL
"TROY_Q1","TROY119","T","As tree TROYQT09"
"TROY_Q1","TROY120","T","As tree TROYQT13"
"TROY_Q1","TROY121","T","As tree TROYQT13"
"TROY_Q1","TROY122","T","As tree TROYQT13"
"TROY_Q1","TROY123","T",NULL
"TROY_Q1","TROY124","T","As tree TROYQT13"
"TROY_Q1","TROY125","T",NULL
"TROY_Q1","TROY126","T","As tree TROYQT09"
"TROY_Q1","TROY127","T",NULL
"TROY_Q1","TROY128","Q",NULL
"TROY_Q1","TROY129","Q",NULL
"TROY_Q1","TROY130","Q",NULL
"TROY_Q1","TROY131","Q",NULL
"TROY_Q1","TROY131","X",NULL
"TROY_Q1","TROY132","Q",NULL
"TROY_Q1","TROY132","X",NULL
"TROY_Q1","TROY133","T","As tree TROYQT01"
"TROY_Q1","TROY134","Q",NULL
"TROY_Q1","TROY135","T",NULL
"TROY_Q1","TROY136","T","As tree TROYQT04"
"TROY_Q1","TROY137","T",NULL
"TROY_Q1","TROY138","T",NULL
"TROY_Q1","TROY139","T",NULL
"TROY_Q1","TROY140","T",NULL
"TROY_Q1","TROY141","T","As tree TROYQT04"
"TROY_Q1","TROY142","T",NULL
"TROY_Q1","TROY143","Q",NULL
"TROY_Q1","TROY143","X",NULL
"TROY_Q1","TROY144","T",NULL
"TROY_Q1","TROY145","T",NULL
"TROY_Q1","TROY146","Q",NULL
"TROY_Q1","TROY147","T",NULL
"TROY_Q1","TROY148","T",NULL
"TROY_Q1","TROY149","T",NULL
"TROY_Q1","TROY150","T",NULL
"TROY_Q1","TROY151","T",NULL
"TROY_Q1","TROY152","T",NULL
"TROY_Q1","TROY153","T",NULL
"TROY_Q1","TROY154","Q",NULL
"TROY_Q1","TROY155","T",NULL
"TROY_Q1","TROY157","T",NULL
"TROY_Q1","TROY158","T",NULL
"TROY_Q1","TROY159","T",NULL
"TROY_Q1","TROY160","T",NULL
"TROY_Q1","TROY161","T","As tree TROYQT01"
"TROY_Q1","TROY162","T","As tree TROYQT01"
"TROY_Q1","TROY163","T",NULL
"TROY_Q1","TROY164","Q",NULL
"TROY_Q1","TROY164","X",NULL
"TROY_Q1","TROY165","T",NULL
"TROY_Q1","TROY166","T",NULL
"TROY_Q1","TROY167","T",NULL
"TROY_Q1","TROY168","T",NULL
"TROY_Q1","TROY169","Q",NULL
"TROY_Q1","TROY170","Q",NULL
"TROY_Q1","TROY171","T",NULL
"TROY_Q1","TROY172","T",NULL
"TROY_Q1","TROY173","T",NULL
"TROY_Q1","TROY174","Q",NULL
"TROY_Q1","TROY175","Q",NULL
"TROY_Q1","TROY176","T",NULL
"TROY_Q1","TROY177","T",NULL
"TROY_Q1","TROY178","Q",NULL
"TROY_Q1","TROY179","T","As tree TROYQT05"
"TROY_Q1","TROY180","T",NULL
"TROY_Q1","TROY181","T",NULL
"TROY_Q1","TROY182","T",NULL
"TROY_Q1","TROY183","T",NULL
"TROY_Q1","TROY184","T",NULL
"TROY_Q1","TROY185","T",NULL
"TROY_Q1","TROY186","T",NULL
"TROY_Q1","TROY187","T","As tree TROYQT10"
"TROY_Q1","TROY188","T",NULL
"TROY_Q1","TROY189","T",NULL
"TROY_Q1","TROY190","Q",NULL
"TROY_Q1","TROY191","T","As tree TROYQT10"
"TROY_Q1","TROY192","T","As tree TROYQT10"
"TROY_Q1","TROY193","T","As tree TROYQT10"
"TROY_Q1","TROY194","T","As tree TROYQT05"
"TROY_Q1","TROY195","T",NULL
"TROY_Q1","TROY196","T",NULL
"TROY_Q1","TROY197","T",NULL
"TROY_Q1","TROY198","Q",NULL
"TROY_Q1","TROY198","X",NULL
"TROY_Q1","TROY199","T",NULL
"TROY_Q1","TROY200","T",NULL
"TROY_Q1","TROY201","T",NULL
"TROY_Q1","TROY202","T",NULL
"TROY_Q1","TROY203","T",NULL
"TROY_Q1","TROY204","T",NULL
"TROY_Q1","TROY206","T",NULL
"TROY_Q1","TROY207","T",NULL
"TROY_Q1","TROY208","T",NULL
"TROY_Q1","TROY209","T",NULL
"TROY_Q1","TROY210","T",NULL
"TROY_Q1","TROY212","T",NULL
"TROY_Q1","TROY213","T",NULL
"TROY_Q1","TROY214","T",NULL
"TROY_Q1","TROY215","T",NULL
"TROY_Q1","TROY216","T",NULL
"TROY_Q1","TROY217","T",NULL
"TROY_Q1","TROY219","T",NULL
"TROY_Q1","TROY221","T",NULL
"TROY_Q1","TROY222","T",NULL
"TROY_Q1","TROY223","T",NULL
"TROY_Q1","TROY224","T",NULL
"TROY_Q1","TROY225","T",NULL
"TROY_Q1","TROY226","T",NULL
"TROY_Q1","TROY227","Q",NULL
"TROY_Q1","TROY228","T",NULL
"TROY_Q2","TROY205","T",NULL
"TROY_Q2","TROY220","T",NULL
"TROY_Q3","TROY030","T",NULL
"TROY_Q3","TROY211","T",NULL
"ULV_A1","ULV0002","1",NULL
"ULV_A1","ULV0003","1",NULL
"ULV_A1","ULV0004","1",NULL
"ULV_A1","ULV0005","0",NULL
"ULV_A1","ULV0006","0",NULL
"ULV_A1","ULV0008","0",NULL
"ULV_A1","ULV0009","Q",NULL
"ULV_A1","ULV0009","X",NULL
"ULV_A1","ULV0009","Y",NULL
"ULV_A1","ULV0010","Q",NULL
"ULV_A1","ULV0012","0",NULL
"ULV_A1","ULV0013","0",NULL
"VAL_A1","VAL0035","1",NULL
"VAL_A1","VAL0036","1","As tree VAL_AT1"
"VAL_A1","VAL0038","1","As tree VAL_AT1"
"VAL_Q1","VAL0017","1",NULL
"VAL_Q1","VAL0022","1",NULL
"VALK_Q1","VAL0014","1",NULL
"VALK_Q1","VNW0005","1",NULL
"VALK_Q1","VNW0006","1",NULL
"VALK_Q1","VNW0007","1",NULL
"VALK_Q1","VNW0008","1",NULL
"VALK_Q1","VNW0009","1",NULL
"VALK_Q1","VNW0010","1",NULL
"VALK_Q1","VNW0011","1",NULL
"VALK_Q1","VNW0012","Q",NULL
"VALK_Q2","VAL0025","1",NULL
"VALK_Q2","VNW0001","Q",NULL
"VALK_Q2","VNW0001","X",NULL
"VALK_Q2","VNW0002","Q",NULL
"VALK_Q2","VNW0003","Q",NULL
"VALK_Q2","VNW0004","Q",NULL
"VDM2W_Q1","VDM2W01","0",NULL
"VDM2W_Q1","VDM2W02","0",NULL
"VDM2W_Q1","VDM2W03","1",NULL
"VDM2W_Q1","VDM2W04","0",NULL
"VDM2W_Q1","VDM2W05","0",NULL
"VDM2W_Q1","VDM2W06","0",NULL
"VDM2W_Q1","VDM2W07","1",NULL
"VDM2W_Q1","VDM2W08","0",NULL
"VDM2W_Q1","VDM2W09","1",NULL
"VDM2W_Q1","VDM2W10","0","As tree VDM2W_QT1"
"VDM2W_Q1","VDM2W11","0","As tree VDM2W_QT1"
"VDM2W_Q1","VDM2W13","Q",NULL
"VDM2W_Q1","VDM2W14","0",NULL
"VDM2W_Q1","VDM2W15","Q",NULL
"VDM2W_Q1","VDM2W16","Q",NULL
"VDM2W_Q1","VDM2W17","0",NULL
"VDM2W_Q1","VDM2W18","1",NULL
"VDM2W_Q1","VDM2W20","0",NULL
"VDM2W_Q1","VDM2W21","0",NULL
"VDM2W_Q1","VDM2W23","Q",NULL
"VDM2W_Q1","VDM2W24","0",NULL
"VDM2W_Q1","VDM2W25","0",NULL
"VDM2W_Q1","VDM2W26","0",NULL
"VDM2W_Q1","VDM2W27","1",NULL
"VDM2W_Q1","VDM2W28","1",NULL
"VDM2W_Q1","VDM2W31","0",NULL
"VDM2W_Q1","VDM2W33","Q",NULL
"VDM2W_Q1","VDM2W34","Q",NULL
"VDML2_Q1","VDML203","0",NULL
"VDML2_Q1","VDML204","2",NULL
"VDML2_Q1","VDML205","1",NULL
"VDMLR_Q1","VDMLR01","1",NULL
"VDMLR_Q1","VDMLR15","1",NULL
"VDMLR_Q2","VDMLR03","Q",NULL
"VDMLR_Q2","VDMLR04","Q",NULL
"VDMLR_Q2","VDMLR07","1",NULL
"VDMLR_Q2","VDMLR11","1",NULL
"VDMLR_Q2","VDMLR14","Q",NULL
"VDMLR_Q2","VDMLR14","X",NULL
"VDMLR_Q2","VDMLR16","1",NULL
"VDMLR_Q2","VDMLR17","1","As tree VDMLR_QT1"
"VDMLR_Q2","VDMLR19","1","As tree VDMLR_QT1"
"VDMLR_Q2","VDMLR20","Q",NULL
"VDMM_Q1","VDMM001","1",NULL
"VDMM_Q1","VDMM002","1",NULL
"VDMM_Q1","VDMM003","Q",NULL
"VDMS1_F1","VDMS103","0",NULL
"VDMS1_F1","VDMS104","0",NULL
"VDMWL_A1","VDMWL28","1",NULL
"VDMWL_A1","VDMWL29","1",NULL
"VDMWL_A1","VDMWL30","1",NULL
"VDMWL_Q1","VDMWL02","0",NULL
"VDMWL_Q1","VDMWL03","1",NULL
"VDMWL_Q1","VDMWL11","1",NULL
"VDMWL_Q1","VDMWL12","1",NULL
"VDMWL_Q1","VDMWL22","1",NULL
"VDMWL_Q1","VDMWL23","1",NULL
"VDMWL_Q1","VDMWL24","1",NULL
"VDMWL_Q1","VDMWL31","0",NULL
"VDMWL_Q1","VDMWL41","0",NULL
"VDMWL_Q1","VDMWL42","1",NULL
"VDMWL_Q1","VDMWL44","2",NULL
"VDMWL_Q1","VDMWL45","1",NULL
"VDMWL_Q1","VDMWL49","1",NULL
"VDMWL_Q1","VDMWL51","1",NULL
"VDMWL_Q1","VDMWL53","0",NULL
"VDMWL_Q2","VDMWL04","1","As tree VDMWLQT1"
"VDMWL_Q2","VDMWL06","1",NULL
"VDMWL_Q2","VDMWL07","0",NULL
"VDMWL_Q2","VDMWL14","0",NULL
"VDMWL_Q2","VDMWL26","Q",NULL
"VDMWL_Q2","VDMWL26","X",NULL
"VDMWL_Q2","VDMWL33","1","As tree VDMWLQT1"
"VDMWL_Q2","VDMWL34","2","Niet As tree VDMWLQT2,, los is beter!"
"VDMWL_Q2","VDMWL36","1","Niet As tree VDMWLQT2,, los is beter!"
"VDMWL_Q3","VDMWL08","1",NULL
"VDMWL_Q3","VDMWL10","1",NULL
"VDMWL_Q3","VDMWL35","1",NULL
"VDMWL_Q3","VDMWL48","1",NULL
"VDMWL_Q3","VDMWL50","1",NULL
"VDMWL_Q3","VDMWL52","1",NULL
"VDMWL_U1","VDMWL65","0",NULL
"VDMWL_U1","VDMWL66","0",NULL
"VDMWL_U1","VDMWL67","0",NULL
"VDMWL_U1","VDMWL68","0",NULL
"VDMWL_U1","VDMWL69","0",NULL
"VDMWL_U1","VDMWL72","0",NULL
"VDMWL_U1","VDMWL73","0",NULL
"VDMWL_U1","VDMWL83","1",NULL
"VDMWL_U1","VDMWL84","1",NULL
"VDMWL_U1","VDMWL86","0",NULL
"VEL_Q1","VL00373","1",NULL
"VEL_Q1","VL05269","1",NULL
"VEL_Q1","VL05271","1",NULL
"VEL_Q1","VL05288","1",NULL
"VEL_Q1","VL05289","1",NULL
"VEL_Q1","VL05291","1",NULL
"VEL_Q1","VL05292","1",NULL
"VEL_Q1","VL05293","1",NULL
"VEL_Q2","VEL0002","0",NULL
"VEL_Q2","VEL0003","Q",NULL
"VEL_Q2","VEL0004","1",NULL
"VEL_Q3","VEL0005","0",NULL
"VEL_Q3","VEL0006","0",NULL
"VEL_Q3","VEL0007","0",NULL
"VEL_Q3","VEL0008","0",NULL
"VEL_Q3","VEL0009","0",NULL
"VEL_Q3","VEL0010","0",NULL
"VEN_Q1","VEN0001","2",NULL
"VEN_Q1","VEN0004","1",NULL
"VEN_Q1","VEN0007","1","Is VEN_QT1; maar As tree losse monsters"
"VEN_Q1","VEN0008","1","Is VEN_QT1; maar As tree losse monsters"
"VEN_Q1","VEN0009","1","Is VEN_QT1; maar As tree losse monsters"
"VEN_Q1","VEN0010","1","Is VEN_QT1; maar As tree losse monsters"
"VEND_Q1","VEND001","T","As tree VENDQT02; before -243(136) removed"
"VEND_Q1","VEND003","T",NULL
"VEND_Q1","VEND005","T",NULL
"VEND_Q1","VEND006","T",NULL
"VEND_Q1","VEND007","T","As tree VENDQT18"
"VEND_Q1","VEND008","T",NULL
"VEND_Q1","VEND009","Q",NULL
"VEND_Q1","VEND009","X",NULL
"VEND_Q1","VEND010","T","As tree VENDQT07"
"VEND_Q1","VEND011","T","As tree VENDQT15"
"VEND_Q1","VEND012","T","As tree VENDQT15"
"VEND_Q1","VEND013","T","As tree VENDQT15"
"VEND_Q1","VEND014","T","As tree VENDQT11"
"VEND_Q1","VEND015","T","As tree VENDQT06"
"VEND_Q1","VEND016","T",NULL
"VEND_Q1","VEND018","T",NULL
"VEND_Q1","VEND020","T",NULL
"VEND_Q1","VEND021","T",NULL
"VEND_Q1","VEND022","T","As tree VENDQT11"
"VEND_Q1","VEND023","T","As tree VENDQT06"
"VEND_Q1","VEND026","T","As tree VENDQT12"
"VEND_Q1","VEND027","T","As tree VENDQT05"
"VEND_Q1","VEND028","Q",NULL
"VEND_Q1","VEND030","T","As tree VENDQT14"
"VEND_Q1","VEND031","T","As tree VENDQT14"
"VEND_Q1","VEND032","T",NULL
"VEND_Q1","VEND033","T",NULL
"VEND_Q1","VEND034","T",NULL
"VEND_Q1","VEND035","T","As tree VENDQT05"
"VEND_Q1","VEND036","T",NULL
"VEND_Q1","VEND037","T",NULL
"VEND_Q1","VEND039","T",NULL
"VEND_Q1","VEND040","T",NULL
"VEND_Q1","VEND042","T",NULL
"VEND_Q1","VEND045","T",NULL
"VEND_Q1","VEND046","T","As tree VENDQT12"
"VEND_Q1","VEND047","T",NULL
"VEND_Q1","VEND049","T",NULL
"VEND_Q1","VEND050","T",NULL
"VEND_Q1","VEND051","T",NULL
"VEND_Q1","VEND052","T","As tree VENDQT21"
"VEND_Q1","VEND053","T",NULL
"VEND_Q1","VEND054","T","As tree VENDQT20"
"VEND_Q1","VEND055","T","As tree VENDQT21"
"VEND_Q1","VEND056","T","As tree VENDQT21"
"VEND_Q1","VEND057","T",NULL
"VEND_Q1","VEND058","T","As tree VENDQT20"
"VEND_Q1","VEND060","T","As tree VENDQT02; before -243(136) removed"
"VEND_Q1","VEND063","T","As tree VENDQT08"
"VEND_Q1","VEND064","T","As tree VENDQT08"
"VEND_Q1","VEND065","T",NULL
"VEND_Q1","VEND066","Q",NULL
"VEND_Q1","VEND068","T",NULL
"VEND_Q1","VEND069","T",NULL
"VEND_Q1","VEND070","T",NULL
"VEND_Q1","VEND071","T",NULL
"VEND_Q1","VEND072","T",NULL
"VEND_Q1","VEND073","T",NULL
"VEND_Q1","VEND076","T",NULL
"VEND_Q1","VEND077","T",NULL
"VEND_Q1","VEND078","T",NULL
"VEND_Q1","VEND079","T","As tree VENDQT19"
"VEND_Q1","VEND080","T",NULL
"VEND_Q1","VEND081","T","As tree VENDQT19"
"VEND_Q1","VEND082","Q",NULL
"VEND_Q1","VEND084","T",NULL
"VEND_Q1","VEND085","T","As tree VENDQT01"
"VEND_Q1","VEND086","T","As tree VENDQT12"
"VEND_Q1","VEND088","T",NULL
"VEND_Q1","VEND089","T",NULL
"VEND_Q1","VEND090","T","As tree VENDQT24"
"VEND_Q1","VEND091","T","As tree VENDQT16"
"VEND_Q1","VEND092","T","As tree VENDQT16"
"VEND_Q1","VEND093","T",NULL
"VEND_Q1","VEND094","T",NULL
"VEND_Q1","VEND095","T",NULL
"VEND_Q1","VEND096","T",NULL
"VEND_Q1","VEND097","T","As tree VENDQT01"
"VEND_Q1","VEND098","T","As tree VENDQT13"
"VEND_Q1","VEND099","T","As tree VENDQT13"
"VEND_Q1","VEND100","T",NULL
"VEND_Q1","VEND101","T",NULL
"VEND_Q1","VEND102","T","Cofecha geeft flag dat after ca -150 de reeks -1 beter zit, maar klopt visueel niet!"
"VEND_Q1","VEND104","T",NULL
"VEND_Q1","VEND105","T","As tree VENDQT13"
"VEND_Q1","VEND106","T","As tree VENDQT13"
"VEND_Q1","VEND107","Q",NULL
"VEND_Q1","VEND108","T",NULL
"VEND_Q1","VEND109","Q",NULL
"VEND_Q1","VEND110","T","As tree VENDQT13"
"VEND_Q1","VEND111","T",NULL
"VEND_Q1","VEND112","T","As tree VENDQT23"
"VEND_Q1","VEND113","T","As tree VENDQT23"
"VEND_Q1","VEND114","T","As tree VENDQT13"
"VEND_Q1","VEND115","T",NULL
"VEND_Q1","VEND116","T",NULL
"VEND_Q1","VEND117","T",NULL
"VEND_Q1","VEND119","T","As tree VENDQT13"
"VEND_Q1","VEND120","Q",NULL
"VEND_Q1","VEND120","X",NULL
"VEND_Q1","VEND121","T",NULL
"VEND_Q1","VEND124","T","As tree VENDQT02; before -243(136) removed"
"VEND_Q1","VEND126","T",NULL
"VEND_Q1","VEND127","T","As tree VENDQT27"
"VEND_Q1","VEND128","T","As tree VENDQT27"
"VEND_Q1","VEND129","T","As tree VENDQT13"
"VEND_Q1","VEND130","T","As tree VENDQT04"
"VEND_Q1","VEND131","T","As tree VENDQT13"
"VEND_Q1","VEND134","T",NULL
"VEND_Q1","VEND136","T","As tree VENDQT24"
"VEND_Q1","VEND139","T","As tree VENDQT09"
"VEND_Q1","VEND140","T","As tree VENDQT09"
"VEND_Q1","VEND141","T","As tree VENDQT04"
"VEND_Q1","VEND142","T",NULL
"VEND_Q1","VEND143","T",NULL
"VEND_Q1","VEND144","Q",NULL
"VEND_Q1","VEND145","T","As tree VENDQT03; before -295(122) removed"
"VEND_Q1","VEND146","T","As tree VENDQT03; before -295(122) removed"
"VEND_Q1","VEND147","T","As tree VENDQT03; before -295(122) removed"
"VEND_Q1","VEND148","T","As tree VENDQT03; before -295(122) removed"
"VEND_Q1","VEND149","T","As tree VENDQT03; before -295(122) removed"
"VEND_Q1","VEND150","T",NULL
"VEND_Q1","VEND151","Q",NULL
"VEND_Q1","VEND152","T",NULL
"VEND_Q1","VEND154","T",NULL
"VEND_Q1","VEND155","T",NULL
"VEND_Q1","VEND157","Q",NULL
"VEND_Q1","VEND158","T","As tree VENDQT07"
"VEND_Q1","VEND159","T","As tree VENDQT22"
"VEND_Q1","VEND160","T",NULL
"VEND_Q1","VEND161","T",NULL
"VEND_Q1","VEND162","Q",NULL
"VEND_Q1","VEND163","T","As tree VENDQT03; before -295(122) removed"
"VEND_Q1","VEND164","T",NULL
"VEND_Q1","VEND165","T",NULL
"VEND_Q1","VEND168","T",NULL
"VEND_Q1","VEND169","T",NULL
"VEND_Q1","VEND170","T",NULL
"VEND_Q1","VEND171","T","As tree VENDQT22"
"VEND_Q1","VEND172","T",NULL
"VEND_Q1","VEND173","T","As tree VENDQT17; last 3 (na 3(186)) removed"
"VEND_Q1","VEND174","T",NULL
"VEND_Q1","VEND175","T",NULL
"VEND_Q1","VEND176","T",NULL
"VEND_Q1","VEND180","T",NULL
"VEND_Q1","VEND181","T",NULL
"VEND_Q1","VEND182","T",NULL
"VEND_Q1","VEND184","T",NULL
"VEND_Q1","VEND185","T",NULL
"VEND_Q1","VEND186","T",NULL
"VEND_Q1","VEND187","T",NULL
"VEND_Q1","VEND189","T",NULL
"VEND_Q1","VEND192","T",NULL
"VEND_Q1","VEND193","T",NULL
"VEND_Q1","VEND195","Q",NULL
"VEND_Q1","VEND196","T",NULL
"VEND_Q1","VEND198","T",NULL
"VEND_Q1","VEND199","T","As tree VENDQT03; before -295(122) removed"
"VEND_Q1","VEND200","T",NULL
"VEND_Q1","VEND201","T",NULL
"VEND_Q1","VEND202","T","As tree VENDQT25; before -355(272) removed"
"VEND_Q1","VEND203","T","As tree VENDQT25; before -355(272) removed"
"VEND_Q1","VEND204","T","As tree VENDQT25; before -355(272) removed"
"VEND_Q1","VEND205","T","As tree VENDQT17; last 3 (na 3(186)) removed"
"VEND_Q1","VEND206","T",NULL
"VEND_Q1","VEND207","T",NULL
"VEND_Q1","VEND208","T",NULL
"VEND_Q1","VEND209","T","As tree VENDQT27"
"VEND_Q1","VEND210","T",NULL
"VEND_Q1","VEND212","T","As tree VENDQT18"
"VEND_Q1","VEND213","T",NULL
"VEND_Q1","VEND214","T",NULL
"VEND_Q1","VEND215","T",NULL
"VEND_Q1","VEND216","T",NULL
"VEND_Q1","VEND217","T",NULL
"VEND_Q1","VEND218","T",NULL
"VEND_Q1","VEND219","T",NULL
"VEND_Q1","VEND220","T",NULL
"VEND_Q1","VEND221","T",NULL
"VEND_Q1","VEND223","T","As tree VENDQT03; before -295(122) removed"
"VEND_Q1","VEND224","T",NULL
"VEND_Q1","VEND225","Q",NULL
"VEND_Q1","VEND225","X",NULL
"VEND_Q1","VEND226","T",NULL
"VEND_Q1","VEND227","T",NULL
"VEND_Q1","VEND228","T",NULL
"VEND_Q1","VEND229","T",NULL
"VEND_Q1","VEND232","T",NULL
"VEND_Q1","VEND233","T",NULL
"VEND_Q1","VEND234","T","As tree VENDQT03; before -295(122) removed"
"VEND_Q1","VEND235","T","As tree VENDQT03; before -295(122) removed"
"VEND_Q1","VEND236","T",NULL
"VEND_Q1","VEND237","T","As tree VENDQT10"
"VEND_Q1","VEND238","Q",NULL
"VEND_Q1","VEND240","T",NULL
"VEND_Q1","VEND241","T",NULL
"VEND_Q1","VEND242","T",NULL
"VEND_Q1","VEND243","T",NULL
"VEND_Q1","VEND244","T","As tree VENDQT10"
"VEND_Q1","VEND245","T",NULL
"VEND_Q1","VEND246","T","As tree VENDQT28"
"VEND_Q1","VEND247","T",NULL
"VEND_Q1","VEND248","T",NULL
"VEND_Q1","VEND249","T",NULL
"VEND_Q1","VEND250","T",NULL
"VEND_Q1","VEND252","T",NULL
"VEND_Q1","VEND253","T",NULL
"VEND_Q1","VEND254","T",NULL
"VEND_Q1","VEND255","T",NULL
"VEND_Q1","VEND256","T","As tree VENDQT10"
"VEND_Q1","VEND257","T","As tree VENDQT10"
"VEND_Q1","VEND259","T","As tree VENDQT28"
"VEND_Q1","VEND260","T","As tree VENDQT10"
"VEND_Q1","VEND261","Q",NULL
"VEND_Q1","VEND262","T",NULL
"VEND_Q1","VEND263","T",NULL
"VEND_Q1","VEND264","T","As tree VENDQT10"
"VEND_Q1","VEND266","T","As tree VENDQT10"
"VEND_Q1","VEND267","T","As tree VENDQT10"
"VEND_Q1","VEND268","Q","As tree VENDQT10"
"VEND_Q1","VEND269","T","As tree VENDQT10"
"VEND_Q1","VEND270","T",NULL
"VEND_Q1","VEND271","Q",NULL
"VEND_Q1","VEND271","X",NULL
"VEND_Q1","VEND272","T","As tree VENDQT10"
"VEND_Q1","VEND273","T","As tree VENDQT10"
"VEND_Q1","VEND274","T",NULL
"VEND_Q2","VEND029","T",NULL
"VEND_Q2","VEND041","T",NULL
"VEND_Q2","VEND133","T",NULL
"VEND_Q3","VEND074","T","As tree VEND_QT26"
"VEND_Q3","VEND075","T","As tree VEND_QT26"
"VEND_Q3","VEND083","T","As tree VEND_QT29"
"VEND_Q3","VEND125","T",NULL
"VEND_Q3","VEND135","T","As tree VEND_QT29"
"VEND_Q3","VEND230","T",NULL
"VEND_Q3","VEND231","T",NULL
"VFH_Q1","VFH0005","0","As tree VFH_QT3"
"VFH_Q1","VFH0010","0",NULL
"VFH_Q1","VFH0014","0",NULL
"VFH_Q1","VFH0018","0",NULL
"VFH_Q1","VFH0022","0",NULL
"VFH_Q1","VFH0029","0",NULL
"VFH_Q1","VFH0040","0","As tree VFH_QT4"
"VFH_Q1","VFH0042","0",NULL
"VFH_Q1","VFH0045","0","As tree VFH_QT4"
"VFH_Q1","VFH0058","0","As tree VFH_QT3"
"VFH_Q2","VFH0001","0","As tree VFH_QT1"
"VFH_Q2","VFH0004","1",NULL
"VFH_Q2","VFH0007","0",NULL
"VFH_Q2","VFH0009","0",NULL
"VFH_Q2","VFH0012","0","As tree VFH_QT2"
"VFH_Q2","VFH0013","0",NULL
"VFH_Q2","VFH0015","0",NULL
"VFH_Q2","VFH0023","Q",NULL
"VFH_Q2","VFH0024","0",NULL
"VFH_Q2","VFH0025","0","As tree VFH_QT2"
"VFH_Q2","VFH0027","0",NULL
"VFH_Q2","VFH0034","0",NULL
"VFH_Q2","VFH0035","0",NULL
"VFH_Q2","VFH0036","0",NULL
"VFH_Q2","VFH0041","0",NULL
"VFH_Q2","VFH0044","0",NULL
"VFH_Q2","VFH0047","Q",NULL
"VFH_Q2","VFH0048","Q",NULL
"VFH_Q2","VFH0048","X",NULL
"VFH_Q2","VFH0049","0",NULL
"VFH_Q2","VFH0051","Q",NULL
"VFH_Q2","VFH0051","X",NULL
"VFH_Q2","VFH0053","Q",NULL
"VFH_Q2","VFH0054","Q",NULL
"VFH_Q2","VFH0054","X",NULL
"VFH_Q2","VFH0055","0","As tree VFH_QT5"
"VFH_Q2","VFH0056","0","As tree VFH_QT5"
"VFH_Q2","VFH0057","Q",NULL
"VFH_Q2","VFH0059","0","As tree VFH_QT1"
"VFH_Q2","VFH0060","Z",NULL
"VFH_Q2","VFH0061","0",NULL
"VFH_Q3","VFH0002","1",NULL
"VFH_Q3","VFH0003","1",NULL
"VFH_Q3","VFH0006","1",NULL
"VFH_Q3","VFH0008","0",NULL
"VFH_Q3","VFH0011","Q",NULL
"VFH_Q3","VFH0017","0",NULL
"VFH_Q3","VFH0019","Q",NULL
"VFH_Q3","VFH0019","X",NULL
"VFH_Q3","VFH0026","0",NULL
"VFH_Q3","VFH0028","Q",NULL
"VFH_Q3","VFH0030","0",NULL
"VFH_Q3","VFH0031","0",NULL
"VFH_Q3","VFH0033","0",NULL
"VFH_Q3","VFH0037","Q",NULL
"VFH_Q3","VFH0038","Q",NULL
"VFH_Q3","VFH0039","Q",NULL
"VFH_Q3","VFH0046","1",NULL
"VFH_Q3","VFH0050","Q",NULL
"VIGN_Q1","VIGN101","T",NULL
"VIGN_Q1","VIGN102","T",NULL
"VIGO_Q1","VIGO101","T",NULL
"VIGO_Q1","VIGO102","T",NULL
"VITT_Q1","VITT101","Q",NULL
"VITT_Q1","VITT102","Q",NULL
"VITT_Q1","VITT102","X",NULL
"VITT_Q1","VITT103","T",NULL
"VITT_Q1","VITT104","T",NULL
"VITT_Q1","VITT105","T",NULL
"VITT_Q1","VITT106","Q",NULL
"VITT_Q1","VITT106","X",NULL
"VITT_Q1","VITT107","T",NULL
"VITT_Q1","VITT108","Q",NULL
"VITT_Q1","VITT109","T",NULL
"VITT_Q1","VITT110","Q",NULL
"VNW_Q1","VAL0025","1",NULL
"VNW_Q1","VNW0001","1",NULL
"VNW_Q1","VNW0002","1",NULL
"VNW_Q1","VNW0003","Q",NULL
"VNW_Q1","VNW0004","1",NULL
"VNW_Q1","VNW0005","1",NULL
"VNW_Q1","VNW0006","1",NULL
"VNW_Q1","VNW0007","1",NULL
"VNW_Q1","VNW0008","1",NULL
"VNW_Q1","VNW0009","1",NULL
"VNW_Q1","VNW0010","1",NULL
"VNW_Q1","VNW0011","1",NULL
"VOW_Q1","VOW0001","1",NULL
"VOW_Q1","VOW0004","1",NULL
"VOW_Q1","VOW0005","1",NULL
"VOW_Q1","VOW0006","1",NULL
"VOW_Q1","VOW0007","1",NULL
"VOW_Q1","VOW0008","1",NULL
"VOW_Q1","VOW0009","1",NULL
"VOW_Q1","VOW0013","1",NULL
"VOW_Q1","VOW0015","1",NULL
"VOW_Q1","VOW0016","1",NULL
"VOW_Q1","VOW0017","1",NULL
"VOW_Q1","VOW0019","1",NULL
"VOW_Q1","VOW0020","1",NULL
"VOW_Q1","VOW0022","1",NULL
"VOW_Q1","VOW0023","1",NULL
"VOW_Q1","VOW0025","1",NULL
"VOW_Q1","VOW0027","1",NULL
"VOW_Q1","VOW0028","1",NULL
"VOW_Q1","VOW0029","1",NULL
"VOW_Q1","VOW0031","1",NULL
"VOW_Q1","VOW0033","Q",NULL
"VOW_Q1","VOW0034","1",NULL
"VOW_Q1","VOW0036","1",NULL
"VOW_Q1","VOW0037","1",NULL
"VOW_Q1","VOW0039","1",NULL
"VOW_Q1","VOW0040","1",NULL
"VRIG_Q1","VRIG101","T","As tree VRIG_QT1 (before -205(103) removed)"
"VRIG_Q1","VRIG102","Q",NULL
"VRIG_Q1","VRIG103","T","As tree VRIG_QT1 (before -205(103) removed)"
"VRIG_Q1","VRIG106","T",NULL
"VRIG_Q1","VRIG107","Q",NULL
"VRIG_Q1","VRIG108","T","As tree VRIG_QT1 (before -205(103) removed)"
"VRW_Q1","VRW0001","Q",NULL
"VRW_Q1","VRW0002","Q",NULL
"VRW_Q1","VRW0003","0",NULL
"VRW_Q1","VRW0004","Q",NULL
"VRW_Q1","VRW0005","1",NULL
"VRW_Q1","VRW0007","0",NULL
"VZS_Q1","VZS0001","1",NULL
"VZS_Q1","VZS0002","1",NULL
"VZS_Q1","VZS0003","0",NULL
"WARC_Q1","WARC201","T",NULL
"WARC_Q1","WARC203","T",NULL
"WEF_Q1","WEF0013","Q",NULL
"WEF_Q1","WEF0017","Q",NULL
"WHN_Q1","WHN0004","0",NULL
"WHN_Q1","WHN0005","0",NULL
"WHN_Q1","WHN0006","0",NULL
"WHN_Q1","WHN0010","1",NULL
"WHN_Q1","WHN0011","0",NULL
"WHN_Q1","WHN0012","1",NULL
"WHN_Q1","WHN0013","1",NULL
"WHN_Q1","WHN0014","1",NULL
"WHN_Q1","WHN0015","1","As tree WHN_QT2"
"WHN_Q1","WHN0016","1","As tree WHN_QT3; before 238 removed"
"WHN_Q1","WHN0017","1","As tree WHN_QT3; before 238 removed"
"WHN_Q1","WHN0018","1","As tree WHN_QT1"
"WHN_Q1","WHN0019","1","As tree WHN_QT3; before 238 removed"
"WHN_Q1","WHN0020","1","As tree WHN_QT1"
"WHN_Q1","WHN0021","1","As tree WHN_QT3; before 238 removed"
"WHN_Q1","WHN0022","1",NULL
"WHN_Q1","WHN0023","1","As tree WHN_QT2"
"ZLF_F1","ZLF0101","1",NULL
"ZLF_F1","ZLF0102","0",NULL
"ZLF_F1","ZLF0112","Q",NULL
"ZLF_F1","ZLF0112","X",NULL
"ZLF_F1","ZLF0113","1",NULL
"ZLF_F1","ZLF0115","1",NULL
"ZLF_F1","ZLF0116","Q",NULL
"ZLF_F1","ZLF0116","X",NULL
"ZLF_F1","ZLF0117","Q",NULL
"ZLF_F1","ZLF0119","1",NULL
"ZLF_F1","ZLF0121","1",NULL
"ZLF_F1","ZLF0122","1",NULL
"ZLF_F1","ZLF0123","1",NULL
"ZLF_F1","ZLF0126","Q",NULL
"ZLF_F1","ZLF0127","1",NULL
"ZLF_F1","ZLF0128","1",NULL
"ZLF_F1","ZLF0131","Q",NULL
"ZLF_F1","ZLF0138","1",NULL
"ZLF_F2","ZLF0104","Q",NULL
"ZLF_F2","ZLF0120","1",NULL
"ZLF_F2","ZLF0125","Q",NULL
"ZLF_F2","ZLF0129","1",NULL
"ZLF_F2","ZLF0133","1",NULL
"ZLF_F2","ZLF0134","1",NULL
"ZLF_F2","ZLF0139","Q",NULL
"ZLF_F2","ZLF0140","1",NULL
"ZLF_F3","ZLF0107","1",NULL
"ZLF_F3","ZLF0132","1",NULL
"ZLF_F3","ZLF0143","1",NULL
"ZLF_Q1","ZLF0003","1",NULL
"ZLF_Q1","ZLF0004","1",NULL
"ZLF_Q1","ZLF0005","1",NULL
"ZLF_Q1","ZLF0006","Q",NULL
"ZLF_Q1","ZLF0008","1",NULL
"ZLF_Q1","ZLF0009","1",NULL
"ZLF_Q1","ZLF0013","Q",NULL
"ZLF_Q1","ZLF0013","X",NULL
"ZLF_Q1","ZLF0014","Q",NULL
"ZLF_Q1","ZLF0015","1","As tree ZLF_QT1"
"ZLF_Q1","ZLF0017","1",NULL
"ZLF_Q1","ZLF0019","Q",NULL
"ZLF_Q1","ZLF0019","X",NULL
"ZLF_Q1","ZLF0020","1",NULL
"ZLF_Q1","ZLF0021","0","As tree ZLF_QT1"
"ZLF_Q1","ZLF0022","0",NULL
"ZLF_Q1","ZLF0024","1",NULL
"ZLF_Q1","ZLF0025","1",NULL
"ZLF_Q1","ZLF0027","0",NULL
"ZLF_Q1","ZLF0029","Q",NULL
"ZLF_Q1","ZLF0030","1",NULL
"ZLF_Q1","ZLF0031","Q",NULL
"ZLF_Q1","ZLF0032","1",NULL
"ZLF_Q1","ZLF0036","1",NULL
"ZLF_Q1","ZLF0037","Q",NULL
"ZLF_Q1","ZLF0041","1",NULL
"ZLF_Q1","ZLF0042","1",NULL
"ZLF_Q1","ZLF0043","1",NULL
"ZLF_Q1","ZLF0044","1",NULL
"ZLF_Q1","ZLF0045","Q",NULL
"ZLF_Q1","ZLF0046","1",NULL
"ZLF_Q1","ZLF0047","1",NULL
"ZLF_Q1","ZLF0050","1",NULL
"ZLF_Q1","ZLF0052","1",NULL
"ZLF_Q1","ZLF0053","1",NULL
"ZLF_Q1","ZLF0057","1",NULL
"ZLF_Q1","ZLF0059","1",NULL
"ZLF_Q1","ZLF0060","1",NULL
"ZLF_Q1","ZLF0062","Q",NULL
"ZLF_Q1","ZLF0064","1",NULL
"ZLF_Q1","ZLF2001","1",NULL
"ZLF_Q1","ZLF2002","1",NULL
"ZLF_Q1","ZLF2006","Q",NULL
"ZLF_Q1","ZLF2007","1",NULL
"ZLF_Q1","ZLF2009","1",NULL
"ZLF_Q2","ZLF0001","0",NULL
"ZLF_Q2","ZLF0002","Q",NULL
"ZLF_Q2","ZLF0007","0",NULL
"ZLF_Q2","ZLF0010","Q",NULL
"ZLF_Q2","ZLF0011","1",NULL
"ZLF_Q2","ZLF0016","1",NULL
"ZLF_Q2","ZLF0018","1",NULL
"ZLF_Q2","ZLF0023","1",NULL
"ZLF_Q2","ZLF0026","1",NULL
"ZLF_Q2","ZLF0028","1",NULL
"ZLF_Q2","ZLF0033","1",NULL
"ZLF_Q2","ZLF0034","1",NULL
"ZLF_Q2","ZLF0038","1",NULL
"ZLF_Q2","ZLF0049","1",NULL
"ZLF_Q2","ZLF0051","1",NULL
"ZLF_Q2","ZLF0054","1",NULL
"ZLF_Q2","ZLF0061","1",NULL
"ZLF_Q2","ZLF2008","1",NULL
