site_chronology,species,length,first_year,last_year,author,Site_context,Site_type,site_location_utm_wkt
068_Q1,QUSP,233,-79,154,Visser,City,Civilian,SRID=23031;POINT(738394.097518193 5730185.41484116)
068_Q2,QUSP,228,-92,136,Visser,City,Civilian,SRID=23031;POINT(738394.097518193 5730185.41484116)
068_Q3,QUSP,89,17,105,Visser,City,Civilian,SRID=23031;POINT(738235.141275914 5729726.66199652)
185_Q1,QUSP,227,-237,-11,Visser,Castra,Military,SRID=23031;POINT(817452.644522918 5728112.42590427)
189_Q1,QUSP,216,-132,84,Visser,Settlement; villa,Civilian,SRID=23031;POINT(559027.595268778 5609592.18599545)
189_Q2,QUSP,195,-60,135,Visser,Settlement; villa,Civilian,SRID=23031;POINT(559027.595268778 5609592.18599545)
195_Q1,QUSP,298,-250,48,Visser,Bridge,Civilian,SRID=23031;POINT(827755.588806382 5588938.31092397)
1AH_Q1,QUSP,199,129,327,Visser,Settlement,Civilian,SRID=23031;POINT(715179.46154722 5757859.99304073)
1AH_Q2,QUSP,75,318,392,Visser,Settlement,Civilian,SRID=23031;POINT(709286.647214726 5753231.30394236)
1DH_Q1,QUSP,233,-38,195,Visser,City,Civilian,SRID=23031;POINT(592609.777504346 5768571.73367756)
1GDGem,QUSP,234,-110,124,Visser,Road,Military,SRID=23031;POINT(614868.794734911 5775101.79708712)
1TN_Q1,QUSP,353,-134,219,Visser,Settlement,Civilian,SRID=23031;POINT(690067.679029592 5653880.07596723)
1VL_Q1,QUSP,79,81,159,Visser,Settlement,Civilian,SRID=23031;POINT(709095.245507217 5690431.30286486)
202_Q1,QUSP,275,104,378,Visser,Bridge,Civilian,SRID=23031;POINT(778110.165219165 5651071.07373026)
388_Q1,QUSP,196,18,213,Visser,Settlement,Civilian,SRID=23031;POINT(607144.070419318 5677099.79646016)
563_Q1,QUSP,404,-157,247,Visser,Settlement; villa,Civilian,SRID=23031;POINT(691115.08819421 5510708.9739171)
585_Q1,QUSP,209,-20,189,Visser,Settlement,Civilian,SRID=23031;POINT(612388.341382727 5689049.13711893)
585_Q2,QUSP,67,5,71,Visser,Settlement,Civilian,SRID=23031;POINT(600555.842600566 5680690.32135084)
587_Q1,QUSP,345,-193,152,Visser,Vicus,Civilian,SRID=23031;POINT(702892.308607391 5485164.93096921)
600_Q1,QUSP,104,-21,83,Visser,Settlement; villa,Civilian,SRID=23031;POINT(520346.094968509 5618939.67261149)
A246_Q1,QUSP,246,-109,137,Visser,Settlement,Civilian,SRID=23031;POINT(599014.718144511 5681820.60551416)
ABC_Q1,QUSP,333,-302,31,Visser,Sub fossil wood,Natural,SRID=23031;POINT(633016.188261521 5793850.96031428)
AKE_Q1,QUSP,267,275,541,Visser,Settlement,Civilian,SRID=23031;POINT(635678.979476834 5705049.24441497)
ALC_F1,FREX,122,-81,41,Visser,Castellum,Military,SRID=23031;POINT(613876.470784249 5776954.86936661)
ALC_F2,FREX,239,-173,66,Visser,Castellum,Military,SRID=23031;POINT(613876.470784249 5776954.86936661)
ALC_Q1,QUSP,295,-201,94,Visser,Castellum,Military,SRID=23031;POINT(613876.470784249 5776954.86936661)
ALC_Q2,QUSP,142,-19,123,Visser,Castellum,Military,SRID=23031;POINT(613876.470784249 5776954.86936661)
ALC_Q3,QUSP,72,88,159,Visser,Castellum,Military,SRID=23031;POINT(613876.470784249 5776954.86936661)
ALC_U1,ULSP,194,-135,59,Visser,Castellum,Military,SRID=23031;POINT(613876.470784249 5776954.86936661)
ATTO_Q1,QUSP,129,30,158,Visser,Settlement; villa,Civilian,SRID=23031;POINT(726683.389917843 5420198.09489977)
AZW_Q1,QUSP,76,196,271,Visser,Settlement,Civilian,SRID=23031;POINT(754099.346025744 5800024.83377401)
BAD_Q1,QUSP,104,95,198,Visser,Settlement,Civilian,SRID=23031;POINT(603023.381546798 5745323.13020276)
BAR_Q1,QUSP,290,-218,72,Visser,Settlement,Civilian,SRID=23031;POINT(513309.27429722 5672650.9699836)
BAW_Q1,QUSP,125,48,172,Visser,Settlement,Civilian,SRID=23031;POINT(723712.254318637 5794189.7674967)
BECRAA,QUSP,165,-19,146,Becker (1981),Castellum,Military,SRID=23031;POINT(1019816.5529896 5433634.35857265)
BECRKO,QUSP,142,-23,119,Becker (1981),Vicus,Civilian,SRID=23031;POINT(968018.787267365 5411672.69673269)
BECRMA,QUSP,172,8,179,Becker (1981),Castellum,Military,SRID=23031;POINT(978739.235082572 5457404.6011265)
BECRMU,QUSP,183,-23,160,Becker (1981),Castellum,Military,SRID=23031;POINT(981631.241161266 5446727.82552295)
BECRRB,QUSP,203,-22,181,Becker (1981),Vicus,Military,SRID=23031;POINT(1023608.42320135 5442347.30050287)
BECRSB,QUSP,185,-21,164,Becker (1981),Palissade,Military,SRID=23031;POINT(1022963.72733534 5444100.57956082)
BECRSU,QUSP,101,-24,77,Becker (1981),Vicus,Military,SRID=23031;POINT(917556.10402717 5371860.52294723)
BECRWE,QUSP,182,-18,164,Becker (1981),Castellum,Military,SRID=23031;POINT(987027.441254733 5434671.78361122)
BGA_Q1,QUSP,146,-14,132,Visser,Settlement,Civilian,SRID=23031;POINT(661889.512262889 5718891.2106485)
BHC_Q1,QUSP,226,-96,130,Visser,Settlement,Civilian,SRID=23031;POINT(554846.405642211 5695444.15640753)
BHC_Q2,QUSP,88,14,101,Visser,Settlement,Civilian,SRID=23031;POINT(554846.405642211 5695444.15640753)
BHO_Q1,QUSP,114,-54,60,Visser,Castellum,Military,SRID=23031;POINT(619679.573556875 5772002.75880332)
BJG_Q1,QUSP,300,-170,130,Visser,Settlement,Civilian,SRID=23031;POINT(504772.127144832 5669885.68720897)
BJV_Q1,QUSP,174,367,540,Visser,Settlement,Civilian,SRID=23031;POINT(510736.864533123 5671424.66182469)
BOUX_Q1,QUSP,193,-223,-31,Visser,Settlement,Civilian,SRID=23031;POINT(740124.494309672 5406874.22402249)
BRE_Q1,QUSP,241,-17,224,Visser,Settlement,Civilian,SRID=23031;POINT(620458.0142094 5717757.18348051)
BRE_Q2,QUSP,234,357,590,Visser,Settlement,Civilian,SRID=23031;POINT(620458.0142094 5717757.18348051)
BSN_Q1,QUSP,263,-224,39,Visser,Settlement,Civilian,SRID=23031;POINT(581944.165020674 5750166.1163348)
C4A_Q1,QUSP,303,-98,205,Visser,City,Civilian,SRID=23031;POINT(592585.234190934 5768800.99790071)
C4CRH_Q1,QUSP,134,-84,50,Visser,Canal,Military,SRID=23031;POINT(596297.686309926 5771803.98809886)
C5A_Q1,QUSP,284,-171,113,Visser,Vicus,Military,SRID=23031;POINT(613819.150464429 5776811.92961888)
CAO_Q1,QUSP,243,47,289,Visser,Settlement,Civilian,SRID=23031;POINT(613778.36776653 5822938.10692825)
COS_Q1,QUSP,173,170,342,Visser,Settlement,Civilian,SRID=23031;POINT(718888.826003869 5793870.56288337)
CUY_Q1,QUSP,143,245,387,Visser,Bridge,Military,SRID=23031;POINT(698196.929688547 5731584.83119795)
D1A_Q1,QUSP,238,14,251,Visser,Settlement,Civilian,SRID=23031;POINT(719049.111002095 5793865.84071937)
D2A_Q1,QUSP,117,-77,40,Visser,Settlement,Civilian,SRID=23031;POINT(772129.369271631 5810823.11815051)
DAAH_Q1,QUSP,160,-68,92,Visser,Settlement,Civilian,SRID=23031;POINT(527196.606443165 5619886.01827422)
DAMB_Q1,QUSP,171,-157,14,Visser,Settlement,Civilian,SRID=23031;POINT(828292.915952418 5362082.10158153)
DAMP_Q1,QUSP,220,-292,-73,Visser,Settlement,Civilian,SRID=23031;POINT(631747.804488728 5429224.90414648)
DEU_Q1,QUSP,202,30,231,Visser,Settlement,Civilian,SRID=23031;POINT(692440.84421884 5704368.97888651)
DIF_Q1,QUSP,829,-521,308,Visser,Sub fossil wood,Natural,SRID=23031;POINT(636031.372433426 5799803.04849172)
DIK_Q1,QUSP,132,110,241,Visser,Settlement,Civilian,SRID=23031;POINT(715165.996691833 5758880.34944636)
DMN1_Q1,QUSP,208,-70,138,Visser,Ship,Unknown,SRID=23031;POINT(638516.113076537 5772051.96498317)
DMN1_Q2,QUSP,137,-14,123,Visser,Ship,Unknown,SRID=23031;POINT(638516.113076537 5772051.96498317)
DMN1_Q3,QUSP,216,-78,138,Visser,Ship,Unknown,SRID=23031;POINT(638516.113076537 5772051.96498317)
DMN4_Q1,QUSP,261,-174,87,Visser,Ship,Unknown,SRID=23031;POINT(638713.164108183 5772144.48521549)
DMP_F1,FREX,163,-30,133,Visser,Settlement,Civilian,SRID=23031;POINT(590471.637809179 5762469.61280165)
DMW_A1,ABAL,132,-94,38,Visser,Vicus,Military,SRID=23031;POINT(640184.519885724 5772611.06885422)
DMW_P1,PIAB,167,-127,34,Visser,Vicus,Military,SRID=23031;POINT(640184.519885724 5772611.06885422)
DOUX1_Q1,QUSP,100,309,408,Visser,Settlement,Civilian,SRID=23031;POINT(603272.230876416 5488218.8909983)
EKB_Q1,QUSP,75,17,91,Visser,Settlement,Civilian,SRID=23031;POINT(662106.33903864 5692304.61769961)
ELS_Q1,QUSP,167,-147,20,Visser,Temple,Religious,SRID=23031;POINT(696913.056459588 5756484.10323306)
ELT_Q1,QUSP,144,-58,86,Visser,Temple,Religious,SRID=23031;POINT(695885.685128578 5756016.09441362)
EMP_Q1,QUSP,197,-67,130,Visser,Temple,Religious,SRID=23031;POINT(659663.100364632 5734196.53523441)
EOF_Q1,QUSP,144,305,448,Visser,Sub fossil wood,Natural,SRID=23031;POINT(687403.931652215 5842024.8777326)
ERST2_Q1,QUSP,109,355,463,Visser,Unknown,Unknown,SRID=23031;POINT(844939.319566634 5374004.95402821)
F1B_Q1,QUSP,115,-17,98,Visser,Settlement,Civilian,SRID=23031;POINT(644180.454077913 5710939.2092736)
FLEV1_Q1,QUSP,80,-110,-31,Visser,Settlement,Civilian,SRID=23031;POINT(736677.22239082 5458687.64249848)
FLEV1_Q2,QUSP,263,-332,-70,Visser,Settlement,Civilian,SRID=23031;POINT(736677.22239082 5458687.64249848)
FLEVO_Q1,QUSP,216,68,283,Visser,Sub fossil wood,Natural,SRID=23031;POINT(660718.648853663 5795714.80046228)
FLOR_Q1,QUSP,157,-153,4,Visser,Vicus,Civilian,SRID=23031;POINT(726513.965039751 5469393.56417836)
FLOR_Q2,QUSP,163,-154,9,Visser,Vicus,Civilian,SRID=23031;POINT(726513.965039751 5469393.56417836)
GENP_Q1,QUSP,148,248,395,Visser,Settlement,Civilian,SRID=23031;POINT(704834.049806984 5732122.074043)
GMW_Q1,QUSP,222,-204,18,Visser,Settlement,Civilian,SRID=23031;POINT(702464.578896206 5734196.12515877)
GVE_Q1,QUSP,140,-230,-91,Visser,Settlement,Civilian,SRID=23031;POINT(735223.206327026 5902469.35251116)
GWP_Q1,QUSP,206,-148,58,Visser,Settlement,Civilian,SRID=23031;POINT(659409.104113321 5748821.03393579)
HAR_F1,FREX,104,127,230,Visser,Settlement,Civilian,SRID=23031;POINT(590842.914478993 5763682.17593299)
HBW_Q1,QUSP,145,40,184,Visser,Settlement,Civilian,SRID=23031;POINT(684845.191117971 5706853.12794958)
HER_Q1,QUSP,109,81,189,Visser,Settlement,Civilian,SRID=23031;POINT(682981.460137912 5705091.3465021)
HKL_Q1,QUSP,121,-57,64,Visser,Bridge,Civilian,SRID=23031;POINT(658829.610782099 5697283.40115688)
HOK_Q1,QUSP,177,42,218,Visser,Settlement; villa,Civilian,SRID=23031;POINT(658455.304455421 5696888.01568345)
HOK_Q2,QUSP,189,-118,71,Visser,Settlement; villa,Civilian,SRID=23031;POINT(658455.304455421 5696888.01568345)
HOL_AAHO,QUSP,187,-123,63,Hollstein(1980),City,Civilian,SRID=23031;POINT(717591.484853592 5629597.06718402)
HOL_ALT2,QUSP,46,305,350,Hollstein(1980),Castellum,Military,SRID=23031;POINT(898723.335525187 5490186.10070325)
HOL_BDN2,QUSP,439,-503,-65,Hollstein(1980),Castellum,Military,SRID=23031;POINT(907951.21312211 5594679.34128116)
HOL_BENG,QUSP,69,274,342,Hollstein(1980),Settlement; villa,Civilian,SRID=23031;POINT(791280.975057899 5548543.37026432)
HOL_BERL,QUSP,267,284,550,Hollstein(1980),Grave,Civilian,SRID=23031;POINT(551081.253253117 5640434.53407583)
HOL_BICK,QUSP,77,76,152,Hollstein(1980),Bridge,Civilian,SRID=23031;POINT(900550.323463485 5527980.11804499)
HOL_BRBR,QUSP,153,-23,129,Hollstein(1980),Bridge,Civilian,SRID=23031;POINT(809060.750081587 5210364.78471738)
HOL_BROI,QUSP,237,129,365,Hollstein(1980),Sub-fossil wood,Natural,SRID=23031;POINT(723704.281924453 5636601.89922251)
HOL_DHRO,QUSP,116,119,234,Hollstein(1980),Bridge,Civilian,SRID=23031;POINT(780979.914235697 5530902.48384314)
HOL_ERP1,QUSP,93,400,492,Hollstein(1980),Settlement,Civilian,SRID=23031;POINT(959039.57786573 5374170.03456186)
HOL_GKZB,QUSP,148,-13,134,Hollstein(1980),Bridge,Civilian,SRID=23031;POINT(928052.306737212 5564825.53285863)
HOL_GUST,QUSP,88,76,163,Hollstein(1980),Bridge,Civilian,SRID=23031;POINT(883318.737403833 5549356.84584225)
HOL_IRRB,QUSP,202,-123,78,Hollstein(1980),Settlement,Civilian,SRID=23031;POINT(748428.242920786 5527522.22819643)
HOL_K9SA,QUSP,171,41,211,Hollstein(1980),Water pipe,Unknown,SRID=23031;POINT(803684.930587619 5474295.35945884)
HOL_KBMB,QUSP,313,-109,203,Hollstein(1980),Bridge,Civilian,SRID=23031;POINT(826823.26427625 5589384.364827)
HOL_KDGB,QUSP,83,232,314,Hollstein(1980),City,Civilian,SRID=23031;POINT(778067.107491386 5650960.41232694)
HOL_KKNA,QUSP,239,273,511,Hollstein(1980),Grave,Civilian,SRID=23031;POINT(778067.107491386 5650960.41232694)
HOL_KMBQ,QUSP,122,-117,4,Hollstein(1980),Ubiermonument,Civilian,SRID=23031;POINT(778167.802147334 5650084.98998106)
HOL_KORB,QUSP,188,149,336,Hollstein(1980),Bridge,Civilian,SRID=23031;POINT(778686.869423584 5650605.82224542)
HOL_KORH,QUSP,85,-23,61,Hollstein(1980),City,Civilian,SRID=23031;POINT(778269.342774984 5650905.9579736)
HOL_LAGE,QUSP,58,-224,-167,Hollstein(1980),Settlement,Civilian,SRID=23031;POINT(897707.978512779 5776301.03731408)
HOL_LATE,QUSP,369,-390,-22,Hollstein(1980),Settlement,Civilian,SRID=23031;POINT(805935.98840362 5214003.41035247)
HOL_LKBB,QUSP,207,-23,183,Hollstein(1980),Castellum,Military,SRID=23031;POINT(902030.159658575 5603055.55817662)
HOL_LKSB,QUSP,200,-54,145,Hollstein(1980),Castellum,Military,SRID=23031;POINT(896676.352826915 5583867.68894834)
HOL_LKSH,QUSP,212,-70,141,Hollstein(1980),Castellum,Military,SRID=23031;POINT(997736.912411084 5426140.25291551)
HOL_MANC,QUSP,226,-394,-124,Hollstein(1980),Oppidum,Civilian,SRID=23031;POINT(1124530.03800361 5431104.20629179)
HOL_MB253,QUSP,178,76,253,Hollstein(1980),City,Civilian,SRID=23031;POINT(878050.553772191 5552415.60602391)
HOL_MB259,QUSP,84,176,259,Hollstein(1980),Settlement,Civilian,SRID=23031;POINT(878050.553772191 5552415.60602391)
HOL_MBRU,QUSP,100,-23,76,Hollstein(1980),Bridge,Civilian,SRID=23031;POINT(878182.378305779 5552890.88640209)
HOL_MBUF,QUSP,124,-92,31,Hollstein(1980),Revetment,Unknown,SRID=23031;POINT(878050.553772191 5552415.60602391)
HOL_MIWA,QUSP,129,100,228,Hollstein(1980),Water pipe,Unknown,SRID=23031;POINT(806426.981022572 5557645.50550466)
HOL_MRBR,QUSP,138,-88,49,Hollstein(1980),Bridge,Civilian,SRID=23031;POINT(878182.378305779 5552890.88640209)
HOL_OB2B,QUSP,150,401,550,Hollstein(1980),Grave,Civilian,SRID=23031;POINT(926168.836138533 5334357.00995648)
HOL_PALZ,QUSP,244,-209,34,Hollstein(1980),Bridge,Civilian,SRID=23031;POINT(743737.219895073 5495941.57849167)
HOL_SQUS,QUSP,157,-123,33,Hollstein(1980),Well / religious place,Religious,SRID=23031;POINT(629414.126577591 5260852.13924052)
HOL_TATE,QUSP,217,70,286,Hollstein(1980),Amfitheatre,Civilian,SRID=23031;POINT(762950.956106839 5517223.31901112)
HOL_TATT,ABAL,85,210,294,Hollstein(1980),Amfitheatre,Civilian,SRID=23031;POINT(762950.956106839 5517223.31901112)
HOL_TITE,QUSP,84,-224,-141,Hollstein(1980),Oppidum,Civilian,SRID=23031;POINT(706974.901069491 5491591.83663759)
HOL_TMB11,QUSP,95,-23,71,Hollstein(1980),Bridge,Civilian,SRID=23031;POINT(761313.909495282 5517574.01536053)
HOL_TMB12,QUSP,170,76,245,Hollstein(1980),Bridge,Civilian,SRID=23031;POINT(761313.909495282 5517574.01536053)
HOL_TMB21,QUSP,69,76,144,Hollstein(1980),Bridge,Civilian,SRID=23031;POINT(761313.909495282 5517574.01536053)
HOL_TMB22,QUSP,82,76,157,Hollstein(1980),Bridge,Civilian,SRID=23031;POINT(761313.909495282 5517574.01536053)
HOL_TRMB31,QUSP,40,246,285,Hollstein(1980),Bridge,Civilian,SRID=23031;POINT(761313.909495282 5517574.01536053)
HOL_TRMB32,QUSP,133,183,315,Hollstein(1980),Bridge,Civilian,SRID=23031;POINT(761313.909495282 5517574.01536053)
HOL_TRPB,QUSP,68,-97,-30,Hollstein(1980),Castellum,Military,SRID=23031;POINT(763406.155081961 5517584.95358535)
HOL_TRRB,QUSP,317,-340,-24,Hollstein(1980),Bridge,Civilian,SRID=23031;POINT(761313.909495282 5517574.01536053)
HOL_TRRS,QUSP,265,-123,141,Hollstein(1980),Well / religious place,Religious,SRID=23031;POINT(761619.456589977 5513286.16320596)
HOL_TWML,QUSP,200,32,231,Hollstein(1980),Bridge,Civilian,SRID=23031;POINT(761221.687050587 5517567.549399)
HOL_UNLU,QUSP,221,-154,66,Hollstein(1980),Settlement,Civilian,SRID=23031;POINT(893325.601217899 5809723.22678456)
HOL_WEDE,QUSP,207,66,272,Hollstein(1980),Settlement,Civilian,SRID=23031;POINT(799380.404025517 5531064.29465224)
HOL_WEDG,QUSP,105,89,193,Hollstein(1972),Grave,Civilian,SRID=23031;POINT(799380.404025517 5531064.29465224)
HOL_WEDW,QUSP,207,66,272,Hollstein(1972),Settlement,Civilian,SRID=23031;POINT(799380.404025517 5531064.29465224)
HORB1_Q1,QUSP,178,-74,104,Visser,Settlement,Civilian,SRID=23031;POINT(827422.206501634 5334750.07682485)
HORB2_Q1,QUSP,218,-120,98,Visser,Settlement,Civilian,SRID=23031;POINT(827422.206501634 5334750.07682485)
HORB3_Q1,QUSP,307,-95,212,Visser,Settlement,Civilian,SRID=23031;POINT(827422.206501634 5334750.07682485)
HRW_Q1,QUSP,315,21,335,Visser,Settlement,Civilian,SRID=23031;POINT(723705.145714676 5802896.75545869)
IALP_Q1,QUSP,169,-129,40,Visser,Castellum,Military,SRID=23031;POINT(612495.403722767 5777518.65559963)
IBYK_Q1,QUSP,106,285,390,Visser,Settlement,Civilian,SRID=23031;POINT(665041.207793055 5688973.43753924)
IJS_Q1,QUSP,159,-112,47,Visser,Settlement,Civilian,SRID=23031;POINT(641543.616328489 5764257.75531322)
ILLA_Q1,QUSP,150,-268,-119,Visser,Settlement,Civilian,SRID=23031;POINT(731356.397317859 5469595.70786028)
IWRD_Q1,QUSP,84,25,108,Visser,Castellum,Military,SRID=23031;POINT(629270.897245533 5772388.21624693)
JARN_Q1,QUSP,92,-146,-55,Visser,Settlement,Civilian,SRID=23031;POINT(710342.306970879 5448342.31843493)
KNES_Q1,QUSP,139,-142,-4,Visser,Settlement,Civilian,SRID=23031;POINT(528733.737015474 5664944.42798739)
LANG_Q1,QUSP,80,-35,45,Visser,City,Civilian,SRID=23031;POINT(674646.804585115 5303954.61570012)
LEV_Q1,QUSP,135,-86,49,Visser,Canal,Military,SRID=23031;POINT(596774.591284552 5772571.91620144)
LIE_A1,ABAL,180,-39,141,Visser,Settlement,Civilian,SRID=23031;POINT(675924.576896311 5755501.27062879)
LIW_Q1,QUSP,188,18,205,Visser,Settlement,Civilian,SRID=23031;POINT(679717.118160043 5710688.2988304)
LMH_Q1,QUSP,148,-72,76,Visser,Settlement,Civilian,SRID=23031;POINT(719968.811738578 5703794.49519833)
LMH_Q2,QUSP,82,11,92,Visser,Settlement,Civilian,SRID=23031;POINT(719968.811738578 5703794.49519833)
LOK_Q1,QUSP,78,-75,3,Visser,Settlement,Civilian,SRID=23031;POINT(686467.576963812 5898686.10945088)
LRB_Q1,QUSP,221,-98,123,Visser,Canal,Military,SRID=23031;POINT(603943.976367761 5778987.87172076)
LRC_Q1,QUSP,140,-91,49,Visser,Canal,Military,SRID=23031;POINT(596226.753526238 5771831.6648643)
LRC_Q2,QUSP,191,-142,49,Visser,Canal,Military,SRID=23031;POINT(596289.824718804 5771951.77719034)
MAIR_Q1,QUSP,110,-34,76,Visser,Settlement,Civilian,SRID=23031;POINT(647990.405182144 5501941.63994446)
MAP_Q1,QUSP,121,-199,-79,Visser,Road,Civilian,SRID=23031;POINT(689704.912855461 5636545.46608724)
MAV_Q1,QUSP,102,47,148,Visser,Castellum,Military,SRID=23031;POINT(529861.179080362 5674864.65311826)
MB_Q1,QUSP,237,-107,130,Visser,Settlement,Civilian,SRID=23031;POINT(552954.826529143 5650825.81656066)
MEH_A1,ABAL,142,-12,130,Visser,Settlement,Civilian,SRID=23031;POINT(659409.104113321 5748821.03393579)
MEK_Q1,QUSP,287,-171,116,Visser,Settlement,Civilian,SRID=23031;POINT(508973.968110471 5629390.80126457)
METZ_Q1,QUSP,164,-45,119,Visser,City,Civilian,SRID=23031;POINT(731948.54629984 5445898.61932994)
METZ_Q2,QUSP,132,46,177,Visser,City,Civilian,SRID=23031;POINT(731948.54629984 5445898.61932994)
METZ_Q3,QUSP,75,175,249,Visser,City,Civilian,SRID=23031;POINT(731948.54629984 5445898.61932994)
MMB_Q1,QUSP,147,-139,8,Visser,Bridge,Civilian,SRID=23031;POINT(689902.389131669 5636626.88231654)
MMB_Q2,QUSP,179,-55,124,Visser,Bridge,Civilian,SRID=23031;POINT(689902.389131669 5636626.88231654)
MMB_Q3,QUSP,153,210,362,Visser,Bridge,Civilian,SRID=23031;POINT(689902.389131669 5636626.88231654)
NEW_Q1,QUSP,404,-194,210,Visser,Settlement,Civilian,SRID=23031;POINT(691471.287176458 5684163.81623004)
NOVY_Q1,QUSP,259,-279,-21,Visser,Settlement,Civilian,SRID=23031;POINT(603624.045693024 5488836.44889272)
NOVY_Q2,QUSP,85,-6,79,Visser,Settlement,Civilian,SRID=23031;POINT(603624.045693024 5488836.44889272)
NWH_Q1,QUSP,241,-154,87,Visser,Settlement,Civilian,SRID=23031;POINT(579136.047514292 5747343.22600121)
OFBG_Q1,QUSP,197,-85,112,Visser,Bridge,Civilian,SRID=23031;POINT(865239.183923017 5380641.4011032)
OSH_Q1,QUSP,249,-145,104,Visser,Settlement,Civilian,SRID=23031;POINT(674808.24801253 5739495.06730904)
OSND_Q1,QUSP,214,-126,88,Visser,Settlement,Civilian,SRID=23031;POINT(672833.264962003 5738694.96357836)
OSP_Q1,QUSP,170,-25,145,Visser,Settlement,Civilian,SRID=23031;POINT(672833.264962003 5738694.96357836)
OSW_A1,ABAL,128,-63,65,Visser,Settlement,Civilian,SRID=23031;POINT(661781.120857712 5747272.92262283)
OUD_Q1,QUSP,72,248,319,Visser,Castellum,Military,SRID=23031;POINT(500093.275778275 5670422.3678067)
POM3_Q1,QUSP,160,29,188,Visser,Ship,Unknown,SRID=23031;POINT(549790.529108671 5589109.07090388)
POM4_Q1,QUSP,95,43,137,Visser,Ship,Unknown,SRID=23031;POINT(549790.529108671 5589109.07090388)
RAT_Q1,QUSP,206,1,206,Visser,Settlement,Civilian,SRID=23031;POINT(723928.389876973 5802804.04432524)
RHH_Q1,QUSP,147,-117,30,Visser,Settlement,Civilian,SRID=23031;POINT(663869.428388842 5691161.42076623)
SAND_Q1,QUSP,214,-87,127,Visser,Bridge,Civilian,SRID=23031;POINT(841994.036899148 5368969.82152809)
SARR2_Q1,QUSP,134,113,246,Visser,Bridge,Civilian,SRID=23031;POINT(797872.974635462 5406063.68147395)
SARR2_Q2,QUSP,151,-44,107,Visser,Bridge,Civilian,SRID=23031;POINT(797872.974635462 5406063.68147395)
SARR2_Q3,QUSP,193,21,213,Visser,Bridge,Civilian,SRID=23031;POINT(797872.974635462 5406063.68147395)
SARR6_Q1,QUSP,283,-110,173,Visser,City,Civilian,SRID=23031;POINT(798234.098760434 5406167.60807871)
SAUL_Q1,QUSP,123,-120,3,Visser,Settlement,Civilian,SRID=23031;POINT(537182.452547841 5377021.91785518)
SCH_F1,FREX,164,-22,142,Visser,Settlement,Civilian,SRID=23031;POINT(596219.6464802 5755306.15554556)
SEME_Q1,QUSP,161,-24,137,Visser,Settlement,Civilian,SRID=23031;POINT(728415.812621223 5452771.71017195)
SILL_Q1,QUSP,162,-11,151,Visser,Settlement,Civilian,SRID=23031;POINT(582653.836966523 5449280.298765)
SILL_Q2,QUSP,285,-260,25,Visser,Settlement,Civilian,SRID=23031;POINT(582653.836966523 5449280.298765)
SIVR_Q1,QUSP,123,-21,102,Visser,Settlement,Civilian,SRID=23031;POINT(636864.717058035 5429459.85297006)
SPR_Q1,QUSP,224,-122,102,Visser,Settlement,Civilian,SRID=23031;POINT(588682.06361975 5746386.12400311)
STF_Q1,QUSP,378,286,663,Visser,Sub fossil wood,Natural,SRID=23031;POINT(699622.773402209 5667809.118174)
SWP_Q1,QUSP,113,49,161,Visser,Settlement,Civilian,SRID=23031;POINT(688596.819344349 5697229.3849759)
TRAG_Q1,QUSP,100,361,460,Visser,Natural place,Natural,SRID=23031;POINT(747705.957272636 5429476.21245527)
TROY_Q1,QUSP,481,-341,140,Visser,City,Civilian,SRID=23031;POINT(579968.937512004 5350190.60346128)
TROY_Q2,QUSP,59,-155,-97,Visser,City,Civilian,SRID=23031;POINT(579968.937512004 5350190.60346128)
TROY_Q3,QUSP,103,-88,15,Visser,City,Civilian,SRID=23031;POINT(579968.937512004 5350190.60346128)
ULV_A1,ABAL,166,-119,47,Visser,Military,Military,SRID=23031;POINT(639966.817859902 5772750.97888228)
VAL_A1,ABAL,168,-40,128,Visser,Vicus,Military,SRID=23031;POINT(598077.086979939 5782175.89786649)
VAL_Q1,QUSP,127,-64,63,Visser,Vicus,Military,SRID=23031;POINT(598077.086979939 5782175.89786649)
VALK_Q1,QUSP,135,-3,132,Visser,Vicus,Military,SRID=23031;POINT(598077.086979939 5782175.89786649)
VALK_Q2,QUSP,207,-104,103,Visser,Vicus,Military,SRID=23031;POINT(598077.086979939 5782175.89786649)
VDM2W_Q1,QUSP,255,-131,124,Visser,Road,Military,SRID=23031;POINT(638526.325038529 5772167.35455546)
VDML2_Q1,QUSP,78,22,99,Visser,Road,Military,SRID=23031;POINT(638532.354223641 5772166.5523588)
VDMLR_Q1,QUSP,245,-141,104,Visser,Road,Military,SRID=23031;POINT(636930.705522064 5773228.39617444)
VDMLR_Q2,QUSP,122,3,124,Visser,Road,Military,SRID=23031;POINT(636930.705522064 5773228.39617444)
VDMM_Q1,QUSP,177,-152,25,Visser,Bridge,Military,SRID=23031;POINT(640084.227768462 5771523.25763116)
VDMS1_F1,FREX,157,5,161,Visser,Revetment,Military,SRID=23031;POINT(638583.769619926 5772124.22258633)
VDMWL_A1,ABAL,120,-22,98,Visser,Road,Military,SRID=23031;POINT(637659.673335567 5772844.18190676)
VDMWL_Q1,QUSP,123,2,124,Visser,Road,Military,SRID=23031;POINT(637659.673335567 5772844.18190676)
VDMWL_Q2,QUSP,159,-67,92,Visser,Road,Military,SRID=23031;POINT(637659.673335567 5772844.18190676)
VDMWL_Q3,QUSP,98,27,124,Visser,Road,Military,SRID=23031;POINT(637659.673335567 5772844.18190676)
VDMWL_U1,ULSP,195,-83,112,Visser,Road,Military,SRID=23031;POINT(637659.673335567 5772844.18190676)
VEL_Q1,QUSP,109,-88,21,Visser,Castellum,Military,SRID=23031;POINT(614559.954078426 5811999.78568842)
VEL_Q2,QUSP,117,-89,28,Visser,Castellum,Military,SRID=23031;POINT(614559.954078426 5811999.78568842)
VEL_Q3,QUSP,65,-28,37,Visser,Castellum,Military,SRID=23031;POINT(614559.954078426 5811999.78568842)
VEN_Q1,QUSP,180,-91,89,Visser,Settlement,Civilian,SRID=23031;POINT(715136.285533668 5698533.40546352)
VEND_Q1,QUSP,457,-419,38,Visser,Settlement,Civilian,SRID=23031;POINT(629764.793253043 5496438.9642178)
VEND_Q2,QUSP,177,-333,-157,Visser,Settlement,Civilian,SRID=23031;POINT(629764.793253043 5496438.9642178)
VEND_Q3,QUSP,285,-300,-16,Visser,Settlement,Civilian,SRID=23031;POINT(629764.793253043 5496438.9642178)
VFH_Q1,QUSP,199,-47,152,Visser,City,Civilian,SRID=23031;POINT(592636.140468838 5768682.63452365)
VFH_Q2,QUSP,325,-121,204,Visser,City,Civilian,SRID=23031;POINT(592636.140468838 5768682.63452365)
VFH_Q3,QUSP,204,-47,157,Visser,City,Civilian,SRID=23031;POINT(592636.140468838 5768682.63452365)
VIGN_Q1,QUSP,63,-261,-199,Visser,Settlement,Civilian,SRID=23031;POINT(745968.240780219 5384895.40558243)
VIGO_Q1,QUSP,61,-109,-49,Visser,Settlement,Civilian,SRID=23031;POINT(691143.470853416 5404986.6925784)
VITT_Q1,QUSP,283,-421,-139,Visser,Settlement,Civilian,SRID=23031;POINT(719299.059733452 5343224.30923588)
VNW_Q1,QUSP,227,-104,123,Visser,Vicus,Military,SRID=23031;POINT(598077.086979939 5782175.89786649)
VOW_Q1,QUSP,84,17,100,Visser,Vicus,Military,SRID=23031;POINT(598077.086979939 5782175.89786649)
VRIG_Q1,QUSP,254,-315,-62,Visser,Road,Military,SRID=23031;POINT(633873.101347385 5511401.09329098)
VRW_Q1,QUSP,167,-43,124,Visser,Road,Military,SRID=23031;POINT(598243.545760936 5781981.3120306)
VZS_Q1,QUSP,140,-23,117,Visser,Revetment,Military,SRID=23031;POINT(640148.283021433 5773226.16890553)
WARC_Q1,QUSP,104,-284,-181,Visser,Bridge,Civilian,SRID=23031;POINT(621164.023476235 5514685.76699022)
WEF_Q1,QUSP,255,-214,41,Visser,Sub fossil wood,Natural,SRID=23031;POINT(639312.213720101 5798610.6619934)
WHN_Q1,QUSP,221,120,340,Visser,Settlement,Civilian,SRID=23031;POINT(720177.608339911 5761696.9416481)
ZLF_F1,FREX,281,58,338,Visser,Sub fossil wood,Natural,SRID=23031;POINT(707239.761633348 5825906.76302135)
ZLF_F2,FREX,170,278,447,Visser,Sub fossil wood,Natural,SRID=23031;POINT(707239.761633348 5825906.76302135)
ZLF_F3,FREX,75,453,527,Visser,Sub fossil wood,Natural,SRID=23031;POINT(707239.761633348 5825906.76302135)
ZLF_Q1,QUSP,563,-137,426,Visser,Sub fossil wood,Natural,SRID=23031;POINT(707239.761633348 5825906.76302135)
ZLF_Q2,QUSP,295,274,568,Visser,Sub fossil wood,Natural,SRID=23031;POINT(707239.761633348 5825906.76302135)
