"code","name_en","continent"
"ARGE052","Chile","South America"
"CHIL009","Chile","South America"
"ARGE091","Chile","South America"
"CHIL015","Chile","South America"
"CHIL011","Chile","South America"
"CHIL014","Chile","South America"
"CHIL007","Chile","South America"
"CHIL018","Chile","South America"
"CHIL017","Chile","South America"
"CHIL016","Chile","South America"
"CHIL013","Chile","South America"
"CHIL001","Chile","South America"
"CHIL012","Chile","South America"
"CHIL002","Chile","South America"
"ARGE023","Chile","South America"
"CHIL010","Chile","South America"
"CHIL008","Chile","South America"
"CHIL006","Chile","South America"
"ARGE039","Chile","South America"
"ARGE092","Chile","South America"
"ARGE066","Argentina","South America"
"ARGE036","Argentina","South America"
"ARGE033","Argentina","South America"
"ARGE034","Argentina","South America"
"ARGE043","Argentina","South America"
"ARGE046","Argentina","South America"
"ARGE038","Argentina","South America"
"ARGE030","Argentina","South America"
"ARGE055","Argentina","South America"
"ARGE060","Argentina","South America"
"ARGE061","Argentina","South America"
"ARGE062","Argentina","South America"
"ARGE022","Argentina","South America"
"ARGE073","Argentina","South America"
"ARGE096","Argentina","South America"
"ARGE057","Argentina","South America"
"ARGE087","Argentina","South America"
"ARGE001","Argentina","South America"
"ARGE007","Argentina","South America"
"ARGE002","Argentina","South America"
"ARGE005","Argentina","South America"
"ARGE089","Argentina","South America"
"ARGE090","Argentina","South America"
"ARGE042","Argentina","South America"
"ARGE041","Argentina","South America"
"ARGE044","Argentina","South America"
"ARGE076","Argentina","South America"
"ARGE084","Argentina","South America"
"ARGE008","Argentina","South America"
"ARGE010","Argentina","South America"
"ARGE017","Argentina","South America"
"ARGE009","Argentina","South America"
"ARGE021","Argentina","South America"
"ARGE004","Argentina","South America"
"ARGE","Argentina","South America"
"ARGE050","Argentina","South America"
"ARGE056","Argentina","South America"
"ARGE014","Argentina","South America"
"ARGE012","Argentina","South America"
"ARGE015","Argentina","South America"
"ARGE003","Argentina","South America"
"ARGE006","Argentina","South America"
"ARGE063","Argentina","South America"
"ARGE048","Argentina","South America"
"ARGE011","Argentina","South America"
"ARGE018","Argentina","South America"
"ARGE019","Argentina","South America"
"ARGE020","Argentina","South America"
"ARGE016","Argentina","South America"
"ARGE013","Argentina","South America"
"ARGE025","Argentina","South America"
"ARGE037","Argentina","South America"
"ARGE029","Argentina","South America"
"ARGE027","Argentina","South America"
"ARGE095","Argentina","South America"
"ARGE074","Argentina","South America"
"ARGE075","Argentina","South America"
"ARGE082","Argentina","South America"
"ARGE068","Argentina","South America"
"ARGE035","Argentina","South America"
"ARGE067","Argentina","South America"
"ARGE070","Argentina","South America"
"ARGE077","Argentina","South America"
"ARGE097","Argentina","South America"
"ARGE098","Argentina","South America"
"ARGE054","Argentina","South America"
"ARGE032","Argentina","South America"
"ARGE053","Argentina","South America"
"ARGE072","Argentina","South America"
"ARGE099","Argentina","South America"
"ARGE100","Argentina","South America"
"ARGE086","Argentina","South America"
"ARGE065","Argentina","South America"
"ARGE069","Argentina","South America"
"ARGE081","Argentina","South America"
"ARGE093","Argentina","South America"
"ARGE094","Argentina","South America"
"ARGE088","Argentina","South America"
"ARGE083","Argentina","South America"
"ARGE085","Argentina","South America"
"ARGE045","Argentina","South America"
"ARGE079","Argentina","South America"
"ARGE080","Argentina","South America"
"KENY002","Kenya","Africa"
"KENY001","Kenya","Africa"
"CYPR015","Cyprus","Asia"
"CYPR014","Cyprus","Asia"
"CYPR019","Cyprus","Asia"
"CYPR018","Cyprus","Asia"
"CYPR017","Cyprus","Asia"
"CYPR016","Cyprus","Asia"
"CYPR001","Cyprus","Asia"
"INDI016","India","Asia"
"INDI011","India","Asia"
"INDI019","India","Asia"
"INDI018","India","Asia"
"INDI017","India","Asia"
"INDI020","India","Asia"
"INDI021","India","Asia"
"INDI010","India","Asia"
"INDI012","India","Asia"
"INDI013","India","Asia"
"INDI015","India","Asia"
"INDI014","India","Asia"
"INDI008","India","Asia"
"INDI009","India","Asia"
"INDI001","India","Asia"
"INDI004","India","Asia"
"CHIN026","People's Republic of China","Asia"
"CHIN028","People's Republic of China","Asia"
"CHIN021","People's Republic of China","Asia"
"CHIN029","People's Republic of China","Asia"
"CHIN032","People's Republic of China","Asia"
"CHIN007","People's Republic of China","Asia"
"CHIN011","People's Republic of China","Asia"
"CHIN034","People's Republic of China","Asia"
"CHIN031","People's Republic of China","Asia"
"CHIN015","People's Republic of China","Asia"
"CHIN010","People's Republic of China","Asia"
"CHIN035","People's Republic of China","Asia"
"CHIN018","People's Republic of China","Asia"
"CHIN012","People's Republic of China","Asia"
"CHIN022","People's Republic of China","Asia"
"CHIN020","People's Republic of China","Asia"
"CHIN009","People's Republic of China","Asia"
"CHIN024","People's Republic of China","Asia"
"CHIN023","People's Republic of China","Asia"
"CHIN030","People's Republic of China","Asia"
"CHIN008","People's Republic of China","Asia"
"CHIN019","People's Republic of China","Asia"
"CHIN036","People's Republic of China","Asia"
"CHIN033","People's Republic of China","Asia"
"CHIN014","People's Republic of China","Asia"
"CHIN017","People's Republic of China","Asia"
"CHIN013","People's Republic of China","Asia"
"CHIN006","People's Republic of China","Asia"
"CHIN005","People's Republic of China","Asia"
"CHIN004","People's Republic of China","Asia"
"CHIN003","People's Republic of China","Asia"
"PAKI015","Pakistan","Asia"
"PAKI009","Pakistan","Asia"
"PAKI014","Pakistan","Asia"
"PAKI007","Pakistan","Asia"
"PAKI005","Pakistan","Asia"
"PAKI008","Pakistan","Asia"
"PAKI010","Pakistan","Asia"
"PAKI011","Pakistan","Asia"
"PAKI006","Pakistan","Asia"
"PAKI013","Pakistan","Asia"
"PAKI016","Pakistan","Asia"
"INDI002","Pakistan","Asia"
"INDI003","Pakistan","Asia"
"INDI005","Pakistan","Asia"
"INDI007","Pakistan","Asia"
"INDI006","Pakistan","Asia"
"PAKI012","Pakistan","Asia"
"PAKI004","Pakistan","Asia"
"PAKI002","Pakistan","Asia"
"PAKI003","Pakistan","Asia"
"PAKI001","Pakistan","Asia"
"SYRI001","Syria","Asia"
"KORE001","South Korea","Asia"
"MORC011","Morocco","Africa"
"MORC013","Morocco","Africa"
"MORC012","Morocco","Africa"
"MORC014","Morocco","Africa"
"MORC001","Morocco","Africa"
"MORC004","Morocco","Africa"
"MORC017","Morocco","Africa"
"MORC010","Morocco","Africa"
"MORC002","Morocco","Africa"
"MORC007","Morocco","Africa"
"MORC008","Morocco","Africa"
"MORC009","Morocco","Africa"
"MORC005","Morocco","Africa"
"LEBA001","Lebanon","Asia"
"LEBA002","Lebanon","Asia"
"LEBA004","Lebanon","Asia"
"LEBA003","Lebanon","Asia"
"LEBA006","Lebanon","Asia"
"LEBA005","Lebanon","Asia"
"FRAN019","France","Europe"
"FRAN025","France","Europe"
"FRAN023","France","Europe"
"FRAN027","France","Europe"
"FRAN024","France","Europe"
"FRAN020","France","Europe"
"FRAN038","France","Europe"
"FRAN10","France","Europe"
"FRAN031","France","Europe"
"FRAN030","France","Europe"
"FRAN040","France","Europe"
"FRAN028","France","Europe"
"FRAN022","France","Europe"
"FRAN003","France","Europe"
"FRAN002","France","Europe"
"FRAN004","France","Europe"
"FRAN029","France","Europe"
"FRAN039","France","Europe"
"FRAN035","France","Europe"
"FRAN037","France","Europe"
"FRAN036","France","Europe"
"FRAN001","France","Europe"
"BT007","Bhutan","Asia"
"BT019","Bhutan","Asia"
"BT016","Bhutan","Asia"
"BT017","Bhutan","Asia"
"BT004","Bhutan","Asia"
"BT005","Bhutan","Asia"
"BT020","Bhutan","Asia"
"BT012","Bhutan","Asia"
"BT013","Bhutan","Asia"
"BT014","Bhutan","Asia"
"BT002","Bhutan","Asia"
"BT006","Bhutan","Asia"
"BT010","Bhutan","Asia"
"BT015","Bhutan","Asia"
"BT001","Bhutan","Asia"
"BT008","Bhutan","Asia"
"BT009","Bhutan","Asia"
"BT003","Bhutan","Asia"
"BT018","Bhutan","Asia"
"SAFR001","South Africa","Africa"
"LITH003","Lithuania","Europe"
"LITH004","Lithuania","Europe"
"LITH005","Lithuania","Europe"
"LITH006","Lithuania","Europe"
"LITH007","Lithuania","Europe"
"LITH008","Lithuania","Europe"
"LITH012","Lithuania","Europe"
"LITH009","Lithuania","Europe"
"LITH010","Lithuania","Europe"
"LITH013","Lithuania","Europe"
"LITH011","Lithuania","Europe"
"LITH002","Lithuania","Europe"
"LATV001","Lithuania","Europe"
"LITH001","Lithuania","Europe"
"MONG029","Mongolia","Asia"
"MONG020","Mongolia","Asia"
"MONG027","Mongolia","Asia"
"MONG024","Mongolia","Asia"
"MONG023","Mongolia","Asia"
"MONG017","Mongolia","Asia"
"MONG022","Mongolia","Asia"
"MONG030","Mongolia","Asia"
"MONG031","Mongolia","Asia"
"MONG021","Mongolia","Asia"
"MONG028","Mongolia","Asia"
"MONG026","Mongolia","Asia"
"MONG009","Mongolia","Asia"
"MONG015","Mongolia","Asia"
"MONG002","Mongolia","Asia"
"MONG008","Mongolia","Asia"
"MONG001","Mongolia","Asia"
"MONG005","Mongolia","Asia"
"MONG006","Mongolia","Asia"
"MONG014","Mongolia","Asia"
"MONG010","Mongolia","Asia"
"MONG013","Mongolia","Asia"
"MONG004","Mongolia","Asia"
"MONG012","Mongolia","Asia"
"MONG011","Mongolia","Asia"
"RUSS217","Russia","Europe"
"RUSS218","Russia","Europe"
"RUSS208","Russia","Europe"
"RUSS220","Russia","Europe"
"RUSS216","Russia","Europe"
"RUSS192","Russia","Europe"
"RUSS184","Russia","Europe"
"RUSS187","Russia","Europe"
"RUSS185","Russia","Europe"
"RUSS189","Russia","Europe"
"RUSS191","Russia","Europe"
"RUSS215","Russia","Europe"
"FINL002","Russia","Europe"
"RUSS019","Russia","Europe"
"RUSS016","Russia","Europe"
"RUSS188","Russia","Europe"
"RUSS190","Russia","Europe"
"RUSS186","Russia","Europe"
"RUSS1","Russia","Europe"
"RUSS014","Russia","Europe"
"RUSS004","Russia","Europe"
"RUSS015","Russia","Europe"
"RUSS205","Russia","Europe"
"RUSS196","Russia","Europe"
"RUSS013","Russia","Europe"
"RUSS201","Russia","Europe"
"RUSS204","Russia","Europe"
"RUSS200","Russia","Europe"
"RUSS010","Russia","Europe"
"RUSS193","Russia","Europe"
"RUSS011","Russia","Europe"
"RUSS194","Russia","Europe"
"RUSS207","Russia","Europe"
"RUSS198","Russia","Europe"
"RUSS206","Russia","Europe"
"RUSS197","Russia","Europe"
"RUSS219","Russia","Europe"
"RUSS012","Russia","Europe"
"RUSS203","Russia","Europe"
"RUSS195","Russia","Europe"
"CZEC","Czech Republic","Europe"
"CZEC2","Czech Republic","Europe"
"CZEC3","Czech Republic","Europe"
"CZEC1","Czech Republic","Europe"
"GERM040","Czech Republic","Europe"
"GERM141","Germany","Europe"
"GERM113","Germany","Europe"
"GERM128","Germany","Europe"
"GERM120","Germany","Europe"
"GERM139","Germany","Europe"
"GERM109","Germany","Europe"
"GERM110","Germany","Europe"
"GERM133","Germany","Europe"
"GERM117","Germany","Europe"
"GERM123","Germany","Europe"
"GERM132","Germany","Europe"
"GERM115","Germany","Europe"
"GERM118","Germany","Europe"
"GERM121","Germany","Europe"
"GERM138","Germany","Europe"
"GERM114","Germany","Europe"
"GERM107","Germany","Europe"
"GERM136","Germany","Europe"
"GERM112","Germany","Europe"
"GERM116","Germany","Europe"
"GERM137","Germany","Europe"
"GERM3","Germany","Europe"
"GERM017","Germany","Europe"
"GERM018","Germany","Europe"
"GERM15","Germany","Europe"
"GERM16","Germany","Europe"
"GERM301","Germany","Europe"
"GERM14","Germany","Europe"
"GERM4","Germany","Europe"
"GERM1","Germany","Europe"
"GERM124","Germany","Europe"
"GERM12","Germany","Europe"
"GERM11","Germany","Europe"
"GERM140","Germany","Europe"
"GERM004","Germany","Europe"
"GERM005","Germany","Europe"
"GERM006","Germany","Europe"
"GERM034","Germany","Europe"
"GERM058","Germany","Europe"
"GERM057","Germany","Europe"
"GERM012","Germany","Europe"
"GERM061","Germany","Europe"
"GERM035","Germany","Europe"
"GERM036","Germany","Europe"
"GERM015","Germany","Europe"
"GERM016","Germany","Europe"
"GERM17","Germany","Europe"
"GERM18","Germany","Europe"
"GERM033","Germany","Europe"
"GERM059","Germany","Europe"
"GERM060","Germany","Europe"
"GERM037","Germany","Europe"
"GERM039","Germany","Europe"
"GERM038","Germany","Europe"
"GERM019","Germany","Europe"
"GERM027","Germany","Europe"
"GERM068","Germany","Europe"
"GERM083","Germany","Europe"
"SWIT215","Germany","Europe"
"GERM030","Germany","Europe"
"GERM087","Germany","Europe"
"GERM086","Germany","Europe"
"GERM032","Germany","Europe"
"GERM029","Germany","Europe"
"GERM024","Germany","Europe"
"GERM023","Germany","Europe"
"GERM075","Germany","Europe"
"NETH014","Germany","Europe"
"GERM081","Germany","Europe"
"GERM026","Germany","Europe"
"NETH020","Germany","Europe"
"GERM095","Germany","Europe"
"GERM066","Germany","Europe"
"GERM084","Germany","Europe"
"GERM067","Germany","Europe"
"GERM070","Germany","Europe"
"GERM098","Germany","Europe"
"GERM080","Germany","Europe"
"GERM021","Germany","Europe"
"GERM135","Germany","Europe"
"GERM126","Germany","Europe"
"GERM028","Germany","Europe"
"GERM025","Germany","Europe"
"GERM100","Germany","Europe"
"GERM020","Germany","Europe"
"GERM009","Germany","Europe"
"GERM008","Germany","Europe"
"GERM007","Germany","Europe"
"GERM031","Germany","Europe"
"GERM065","Germany","Europe"
"GERM022","Germany","Europe"
"GERM077","Germany","Europe"
"GERM097","Germany","Europe"
"NORW013","Norway","Europe"
"NORW014","Norway","Europe"
"NORW015","Norway","Europe"
"NORW010","Norway","Europe"
"NORW008","Norway","Europe"
"NORW003","Norway","Europe"
"NORW004","Norway","Europe"
"NORW007","Norway","Europe"
"NORW012","Norway","Europe"
"NORW006","Norway","Europe"
"NORW002","Norway","Europe"
"SWED327","Norway","Europe"
"NORW001","Norway","Europe"
"SWED306","Sweden","Europe"
"SWED009","Sweden","Europe"
"SWED012","Sweden","Europe"
"SWED016","Sweden","Europe"
"SWED013","Sweden","Europe"
"SWED305","Sweden","Europe"
"SWED004","Sweden","Europe"
"SWED006","Sweden","Europe"
"SWED008","Sweden","Europe"
"SWED014","Sweden","Europe"
"SWED303","Sweden","Europe"
"SWED302","Sweden","Europe"
"SWED311","Sweden","Europe"
"SWED308","Sweden","Europe"
"SWED329","Sweden","Europe"
"SWED010","Sweden","Europe"
"SWED314","Sweden","Europe"
"SWED319","Sweden","Europe"
"SWED316","Sweden","Europe"
"SWED326","Sweden","Europe"
"SWED321","Sweden","Europe"
"SWED315","Sweden","Europe"
"SWED323","Sweden","Europe"
"SWED320","Sweden","Europe"
"SWED317","Sweden","Europe"
"SWED325","Sweden","Europe"
"SWED328","Sweden","Europe"
"SWED015","Sweden","Europe"
"SWED011","Sweden","Europe"
"SWED017","Sweden","Europe"
"FINL062","Finland","Europe"
"FINL060","Finland","Europe"
"FINL064","Finland","Europe"
"FINL065","Finland","Europe"
"FINL066","Finland","Europe"
"FINL063","Finland","Europe"
"FINL059","Finland","Europe"
"FINL058","Finland","Europe"
"FINL061","Finland","Europe"
"FINL015","Finland","Europe"
"FINL013","Finland","Europe"
"FINL022","Finland","Europe"
"FINL010","Finland","Europe"
"FINL012","Finland","Europe"
"FINL019","Finland","Europe"
"FINL011","Finland","Europe"
"FINL020","Finland","Europe"
"FINL017","Finland","Europe"
"FINL021","Finland","Europe"
"FINL004","Finland","Europe"
"FINL001","Finland","Europe"
"FINL006","Finland","Europe"
"FINL007","Finland","Europe"
"FINL009","Finland","Europe"
"FINL005","Finland","Europe"
"FINL008","Finland","Europe"
"FINL057","Finland","Europe"
"FINL054","Finland","Europe"
"FINL055","Finland","Europe"
"FINL056","Finland","Europe"
"FINL003","Finland","Europe"
"FINL018","Finland","Europe"
"FINL016","Finland","Europe"
"FINL014","Finland","Europe"
"VIET001","Vietnam","Asia"
"BELG002","Belgium","Europe"
"BELG004","Belgium","Europe"
"GEOR001","Georgia","Asia"
"YUGO006","Republic of Macedonia","Europe"
"TURK013","Turkey","Asia"
"TURK014","Turkey","Asia"
"TURK021","Turkey","Asia"
"TURK032","Turkey","Asia"
"TURK031","Turkey","Asia"
"TURK015","Turkey","Asia"
"TURK018","Turkey","Asia"
"TURK019","Turkey","Asia"
"TURK020","Turkey","Asia"
"TURK005","Turkey","Asia"
"TURK006","Turkey","Asia"
"TURK001","Turkey","Asia"
"TURK002","Turkey","Asia"
"TURK003","Turkey","Asia"
"TURK004","Turkey","Asia"
"TURK010","Turkey","Asia"
"TURK009","Turkey","Asia"
"TURK011","Turkey","Asia"
"TURK012","Turkey","Asia"
"TURK008","Turkey","Asia"
"TURK027","Turkey","Asia"
"TURK024","Turkey","Asia"
"TURK023","Turkey","Asia"
"TURK022","Turkey","Asia"
"TURK042","Turkey","Asia"
"TURK041","Turkey","Asia"
"TURK035","Turkey","Asia"
"TURK028","Turkey","Asia"
"TURK025","Turkey","Asia"
"TURK036","Turkey","Asia"
"TURK037","Turkey","Asia"
"TURK039","Turkey","Asia"
"TURK038","Turkey","Asia"
"TURK040","Turkey","Asia"
"TURK026","Turkey","Asia"
"SPAI057","Spain","Europe"
"SPAI059","Spain","Europe"
"SPAI056","Spain","Europe"
"SPAI002","Spain","Europe"
"SPAI004","Spain","Europe"
"SPAI006","Spain","Europe"
"SPAI041","Spain","Europe"
"SPAI040","Spain","Europe"
"SPAI043","Spain","Europe"
"SPAI044","Spain","Europe"
"SPAI025","Spain","Europe"
"SPAI028","Spain","Europe"
"SPAI026","Spain","Europe"
"SPAI047","Spain","Europe"
"SPAI048","Spain","Europe"
"SPAI049","Spain","Europe"
"SPAI050","Spain","Europe"
"SPAI051","Spain","Europe"
"SPAI023","Spain","Europe"
"SPAI024","Spain","Europe"
"SPAI052","Spain","Europe"
"SPAI027","Spain","Europe"
"SPAI030","Spain","Europe"
"SPAI031","Spain","Europe"
"SPAI045","Spain","Europe"
"SPAI046","Spain","Europe"
"SPAI032","Spain","Europe"
"SPAI033","Spain","Europe"
"SPAI034","Spain","Europe"
"SPAI035","Spain","Europe"
"SPAI036","Spain","Europe"
"SPAI037","Spain","Europe"
"SPAI038","Spain","Europe"
"SPAI022","Spain","Europe"
"SPAI067","Spain","Europe"
"SPAI042","Spain","Europe"
"SPAI039","Spain","Europe"
"SPAI001","Spain","Europe"
"SPAI005","Spain","Europe"
"SPAI066","Spain","Europe"
"SPAI029","Spain","Europe"
"SPAI007","Spain","Europe"
"LS001","Laos","Asia"
"LS002","Laos","Asia"
"KYRG003","Kyrgyzstan","Asia"
"KYRG005","Kyrgyzstan","Asia"
"KYRG007","Kyrgyzstan","Asia"
"KYRG002","Kyrgyzstan","Asia"
"TUNI002","Tunisia","Africa"
"TUNI001","Tunisia","Africa"
"TUNI003","Tunisia","Africa"
"ROMA002","Romania","Europe"
"ROMA003","Romania","Europe"
"POLA001","Slovakia","Europe"
"POLA006","Poland","Europe"
"POLA005","Poland","Europe"
"POLA007","Poland","Europe"
"POLA008","Poland","Europe"
"POLA010","Poland","Europe"
"POLA300","Poland","Europe"
"POLA012","Poland","Europe"
"POLA013","Poland","Europe"
"POLA014","Poland","Europe"
"POLA015","Poland","Europe"
"POLA016","Poland","Europe"
"POLA017","Poland","Europe"
"POLA018","Poland","Europe"
"POLA003","Poland","Europe"
"POLA021","Poland","Europe"
"POLA020","Poland","Europe"
"POLA019","Poland","Europe"
"BRIT045","Ireland","Europe"
"BRIT046","Ireland","Europe"
"BRIT047","Ireland","Europe"
"BRIT6","Ireland","Europe"
"BRIT040","Ireland","Europe"
"BRIT054","Ireland","Europe"
"BRIT001","Ireland","Europe"
"BRIT006","Ireland","Europe"
"BRIT007","Ireland","Europe"
"BRIT009","Ireland","Europe"
"BRIT003","Ireland","Europe"
"BRIT004","Ireland","Europe"
"BRIT039","United Kingdom","Europe"
"BRIT038","United Kingdom","Europe"
"BRIT7","United Kingdom","Europe"
"BRIT042","United Kingdom","Europe"
"BRIT023","United Kingdom","Europe"
"BRIT022","United Kingdom","Europe"
"BRIT017","United Kingdom","Europe"
"BRIT2","United Kingdom","Europe"
"BRIT019","United Kingdom","Europe"
"BRIT016","United Kingdom","Europe"
"BRIT026","United Kingdom","Europe"
"BRIT021","United Kingdom","Europe"
"BRIT015","United Kingdom","Europe"
"BRIT043","United Kingdom","Europe"
"BRIT044","United Kingdom","Europe"
"BRIT008","United Kingdom","Europe"
"BRIT030","United Kingdom","Europe"
"BRIT031","United Kingdom","Europe"
"BRIT034","United Kingdom","Europe"
"BRIT035","United Kingdom","Europe"
"BRIT029","United Kingdom","Europe"
"BRIT032","United Kingdom","Europe"
"BRIT033","United Kingdom","Europe"
"BRIT8","United Kingdom","Europe"
"BRIT11","United Kingdom","Europe"
"BRIT12","United Kingdom","Europe"
"BRIT037","United Kingdom","Europe"
"BRIT036","United Kingdom","Europe"
"BRIT028","United Kingdom","Europe"
"BRIT013","United Kingdom","Europe"
"BRIT057","United Kingdom","Europe"
"BRIT055","United Kingdom","Europe"
"BRIT058","United Kingdom","Europe"
"BRIT024","United Kingdom","Europe"
"BRIT020","United Kingdom","Europe"
"BRIT018","United Kingdom","Europe"
"BRIT056","United Kingdom","Europe"
"BRIT041","United Kingdom","Europe"
"BRIT002","United Kingdom","Europe"
"BRIT005","United Kingdom","Europe"
"BRIT010","United Kingdom","Europe"
"BRIT4","United Kingdom","Europe"
"BRIT011","United Kingdom","Europe"
"BRIT027","United Kingdom","Europe"
"GREE004","Greece","Europe"
"GREE003","Greece","Europe"
"GREE006","Greece","Europe"
"GREE001","Greece","Europe"
"GREE007","Greece","Europe"
"GREE008","Greece","Europe"
"GREE009","Greece","Europe"
"GREE005","Greece","Europe"
"NETH002","Netherlands","Europe"
"NETH003","Netherlands","Europe"
"NETH004","Netherlands","Europe"
"NETH005","Netherlands","Europe"
"NETH006","Netherlands","Europe"
"NETH007","Netherlands","Europe"
"NETH008","Netherlands","Europe"
"NETH015","Netherlands","Europe"
"NETH018","Netherlands","Europe"
"NETH012","Netherlands","Europe"
"NETH011","Netherlands","Europe"
"NETH026","Netherlands","Europe"
"NETH028","Netherlands","Europe"
"NETH029","Netherlands","Europe"
"NETH030","Netherlands","Europe"
"NETH033","Netherlands","Europe"
"NETH032","Netherlands","Europe"
"NETH017","Netherlands","Europe"
"NETH001","Netherlands","Europe"
"NETH031","Netherlands","Europe"
"NETH021","Netherlands","Europe"
"NETH023","Netherlands","Europe"
"NETH024","Netherlands","Europe"
"NETH022","Netherlands","Europe"
"NETH025","Netherlands","Europe"
"AUST004","Austria","Europe"
"AUST003","Austria","Europe"
"AUST006","Austria","Europe"
"AUST002","Austria","Europe"
"AUST109","Austria","Europe"
"AUST110","Austria","Europe"
"AUST111","Austria","Europe"
"AUST112","Austria","Europe"
"AUST007","Austria","Europe"
"AUST008","Austria","Europe"
"AUST001","Austria","Europe"
"AUST005","Austria","Europe"
"ITAL002","Italy","Europe"
"ITAL022","Italy","Europe"
"ITAL027","Italy","Europe"
"ITAL2","Italy","Europe"
"ITAL004","Italy","Europe"
"ITAL015","Italy","Europe"
"ITAL017","Italy","Europe"
"ITAL008","Italy","Europe"
"ITAL011","Italy","Europe"
"ITAL016","Italy","Europe"
"ITAL014","Italy","Europe"
"ITAL1","Italy","Europe"
"ITAL023","Italy","Europe"
"ITAL024","Italy","Europe"
"ITAL025","Italy","Europe"
"ITAL020","Italy","Europe"
"ITAL012","Italy","Europe"
"ITAL010","Italy","Europe"
"ITAL009","Italy","Europe"
"ITAL013","Italy","Europe"
"ITAL028","Italy","Europe"
"SWIT222","Switzerland","Europe"
"SWIT219","Switzerland","Europe"
"SWIT223","Switzerland","Europe"
"SWIT221","Switzerland","Europe"
"SWIT129","Switzerland","Europe"
"SWIT121","Switzerland","Europe"
"SWIT122","Switzerland","Europe"
"SWIT110","Switzerland","Europe"
"SWIT109","Switzerland","Europe"
"SWIT104","Switzerland","Europe"
"SWIT103","Switzerland","Europe"
"SWIT119","Switzerland","Europe"
"SWIT120","Switzerland","Europe"
"SWIT117","Switzerland","Europe"
"SWIT131","Switzerland","Europe"
"SWIT116","Switzerland","Europe"
"SWIT130","Switzerland","Europe"
"SWIT112","Switzerland","Europe"
"SWIT105","Switzerland","Europe"
"SWIT106","Switzerland","Europe"
"SWIT137","Switzerland","Europe"
"SWIT134","Switzerland","Europe"
"SWIT133","Switzerland","Europe"
"SWIT135","Switzerland","Europe"
"SWIT128","Switzerland","Europe"
"SWIT180","Switzerland","Europe"
"SWIT181","Switzerland","Europe"
"SWIT179","Switzerland","Europe"
"SWIT214","Switzerland","Europe"
"SWIT183","Switzerland","Europe"
"SWIT196","Switzerland","Europe"
"SWIT194","Switzerland","Europe"
"SWIT185","Switzerland","Europe"
"SWIT186","Switzerland","Europe"
"SWIT195","Switzerland","Europe"
"SWIT187","Switzerland","Europe"
"SWIT188","Switzerland","Europe"
"SWIT182","Switzerland","Europe"
"SWIT184","Switzerland","Europe"
"SWIT123","Switzerland","Europe"
"SWIT124","Switzerland","Europe"
"SWIT203","Switzerland","Europe"
"SWIT102","Switzerland","Europe"
"SWIT132","Switzerland","Europe"
"SWIT115","Switzerland","Europe"
"SWIT114","Switzerland","Europe"
"SWIT113","Switzerland","Europe"
"SWIT125","Switzerland","Europe"
"SWIT126","Switzerland","Europe"
"SWIT108","Switzerland","Europe"
"SWIT107","Switzerland","Europe"
"YUGO002","Croatia","Europe"
"SLOV001","Slovenia","Europe"
"YUGO001","Slovenia","Europe"
"SLOV002","Slovenia","Europe"
"SLOV003","Slovenia","Europe"
"ZIMB003","Zimbabwe","Africa"
"ZIMB001","Zimbabwe","Africa"
"ZIMB002","Zimbabwe","Africa"
"GREE012","Bulgaria","Europe"
"BULG001","Bulgaria","Europe"
"GREE011","Bulgaria","Europe"
"TH001","Thailand","Asia"
"TH003","Thailand","Asia"
"TH006","Thailand","Asia"
"TH002","Thailand","Asia"
"TH004","Thailand","Asia"
"ALGE001","Algeria","Africa"
"ALGE003","Algeria","Africa"
"ALGE002","Algeria","Africa"
"MORC016","Algeria","Africa"
"MORC015","Algeria","Africa"
"SPAI003","Andorra","Europe"
"SPAI053","Andorra","Europe"
"YUGO005","Montenegro","Europe"
"YUGO004","Bosnia and Herzegovina","Europe"
"YUGO007","Bosnia and Herzegovina","Europe"
"YUGO003","Bosnia and Herzegovina","Europe"
"JORD001","Jordan","Asia"
"JORD003","Jordan","Asia"
"JORD002","Jordan","Asia"
"NEPA022","Nepal","Asia"
"NEPA025","Nepal","Asia"
"NEPA023","Nepal","Asia"
"NEPA024","Nepal","Asia"
"NEPA026","Nepal","Asia"
"NEPA028","Nepal","Asia"
"NEPA035","Nepal","Asia"
"NEPA037","Nepal","Asia"
"NEPA041","Nepal","Asia"
"NEPA042","Nepal","Asia"
"NEPA029","Nepal","Asia"
"NEPA031","Nepal","Asia"
"NEPA002","Nepal","Asia"
"NEPA017","Nepal","Asia"
"NEPA018","Nepal","Asia"
"NEPA021","Nepal","Asia"
"NEPA020","Nepal","Asia"
"NEPA019","Nepal","Asia"
"NEPA004","Nepal","Asia"
"NEPA005","Nepal","Asia"
"NEPA006","Nepal","Asia"
"NEPA038","Nepal","Asia"
"NEPA039","Nepal","Asia"
"NEPA007","Nepal","Asia"
"NEPA008","Nepal","Asia"
"NEPA009","Nepal","Asia"
"NEPA011","Nepal","Asia"
"NEPA012","Nepal","Asia"
"NEPA040","Nepal","Asia"
"NEPA001","Nepal","Asia"
"MT118","United States of America","North America"
"AK104","United States of America","North America"
"WY039","United States of America","North America"
"AK097","United States of America","North America"
"TN031","United States of America","North America"
"CO650","United States of America","North America"
"MT123","United States of America","North America"
"MT121","United States of America","North America"
"NY015","United States of America","North America"
"NY001","United States of America","North America"
"NH006","United States of America","North America"
"CO647","United States of America","North America"
"AK100","United States of America","North America"
"MT122","United States of America","North America"
"AK107","United States of America","North America"
"AK099","United States of America","North America"
"AK106","United States of America","North America"
"CO648","United States of America","North America"
"AK105","United States of America","North America"
"AK101","United States of America","North America"
"PA014","United States of America","North America"
"MT125","United States of America","North America"
"AK102","United States of America","North America"
"CO649","United States of America","North America"
"WY045","United States of America","North America"
"ID014","United States of America","North America"
"CA598","United States of America","North America"
"CA599","United States of America","North America"
"CA600","United States of America","North America"
"PA001","United States of America","North America"
"MI004","United States of America","North America"
"WA041","United States of America","North America"
"WA005","United States of America","North America"
"OH001","United States of America","North America"
"NC001","United States of America","North America"
"WI004","United States of America","North America"
"PA002","United States of America","North America"
"CT001","United States of America","North America"
"VA009","United States of America","North America"
"MI005","United States of America","North America"
"NY002","United States of America","North America"
"WY043","United States of America","North America"
"WA017","United States of America","North America"
"WA040","United States of America","North America"
"NM026","United States of America","North America"
"NM032","United States of America","North America"
"NV506","United States of America","North America"
"WA082","United States of America","North America"
"ID002","United States of America","North America"
"WA021","United States of America","North America"
"WA009","United States of America","North America"
"WA014","United States of America","North America"
"WA016","United States of America","North America"
"CA555","United States of America","North America"
"OH003","United States of America","North America"
"ME022","United States of America","North America"
"MI009","United States of America","North America"
"PA011","United States of America","North America"
"CT002","United States of America","North America"
"ME020","United States of America","North America"
"PA009","United States of America","North America"
"NY008","United States of America","North America"
"MI008","United States of America","North America"
"CA557","United States of America","North America"
"CA556","United States of America","North America"
"MT106","United States of America","North America"
"WY022","United States of America","North America"
"NM030","United States of America","North America"
"NM029","United States of America","North America"
"MI007","United States of America","North America"
"NC1","United States of America","North America"
"NC2","United States of America","North America"
"NC4","United States of America","North America"
"NC3","United States of America","North America"
"NC8","United States of America","North America"
"NC7","United States of America","North America"
"NC6","United States of America","North America"
"NC9","United States of America","North America"
"ME033","United States of America","North America"
"ME034","United States of America","North America"
"TN009","United States of America","North America"
"MI010","United States of America","North America"
"AL001","United States of America","North America"
"ME023","United States of America","North America"
"NY012","United States of America","North America"
"IN001","United States of America","North America"
"VA015","United States of America","North America"
"ME021","United States of America","North America"
"NY009","United States of America","North America"
"NY010","United States of America","North America"
"NY011","United States of America","North America"
"UT023","United States of America","North America"
"AZ100","United States of America","North America"
"PA012","United States of America","North America"
"PA013","United States of America","North America"
"VA016","United States of America","North America"
"NY013","United States of America","North America"
"NY014","United States of America","North America"
"ME024","United States of America","North America"
"VA024","United States of America","North America"
"CO562","United States of America","North America"
"CO561","United States of America","North America"
"CA512","United States of America","North America"
"VA026","United States of America","North America"
"MT119","United States of America","North America"
"AK103","United States of America","North America"
"MT120","United States of America","North America"
"UT525","United States of America","North America"
"ME035","United States of America","North America"
"OR081","United States of America","North America"
"SC003","United States of America","North America"
"NM529","United States of America","North America"
"NM520","United States of America","North America"
"NM512","United States of America","North America"
"NM503","United States of America","North America"
"NM545","United States of America","North America"
"NM537","United States of America","North America"
"CO509","United States of America","North America"
"ME010","United States of America","North America"
"ME005","United States of America","North America"
"ME015","United States of America","North America"
"PA004","United States of America","North America"
"PA005","United States of America","North America"
"PA006","United States of America","North America"
"WY026","United States of America","North America"
"WV001","United States of America","North America"
"NC003","United States of America","North America"
"VT002","United States of America","North America"
"ME016","United States of America","North America"
"ID008","United States of America","North America"
"MN006","United States of America","North America"
"NM024","United States of America","North America"
"AZ106","United States of America","North America"
"NM501","United States of America","North America"
"AZ087","United States of America","North America"
"NM040","United States of America","North America"
"NM039","United States of America","North America"
"CO553","United States of America","North America"
"WY021","United States of America","North America"
"WY024","United States of America","North America"
"MT108","United States of America","North America"
"MT105","United States of America","North America"
"NM033","United States of America","North America"
"NM500","United States of America","North America"
"NM038","United States of America","North America"
"AZ077","United States of America","North America"
"AZ099","United States of America","North America"
"CO552","United States of America","North America"
"NM571","United States of America","North America"
"WA083","United States of America","North America"
"NM570","United States of America","North America"
"MT107","United States of America","North America"
"NM569","United States of America","North America"
"AZ553","United States of America","North America"
"CA559","United States of America","North America"
"WY023","United States of America","North America"
"NC005","United States of America","North America"
"NC006","United States of America","North America"
"WV002","United States of America","North America"
"KY003","United States of America","North America"
"NC007","United States of America","North America"
"PA008","United States of America","North America"
"MI006","United States of America","North America"
"KY004","United States of America","North America"
"ME019","United States of America","North America"
"MA002","United States of America","North America"
"NY005","United States of America","North America"
"NY003","United States of America","North America"
"PA007","United States of America","North America"
"NJ002","United States of America","North America"
"NJ001","United States of America","North America"
"NC004","United States of America","North America"
"NY006","United States of America","North America"
"VA012","United States of America","North America"
"AZ091","United States of America","North America"
"AZ079","United States of America","North America"
"NM025","United States of America","North America"
"AZ086","United States of America","North America"
"AZ089","United States of America","North America"
"AZ098","United States of America","North America"
"AZ081","United States of America","North America"
"AZ080","United States of America","North America"
"NM037","United States of America","North America"
"NM036","United States of America","North America"
"NM050","United States of America","North America"
"AZ102","United States of America","North America"
"NH004","United States of America","North America"
"VA013","United States of America","North America"
"UT020","United States of America","North America"
"AZ088","United States of America","North America"
"UT024","United States of America","North America"
"NM028","United States of America","North America"
"UT022","United States of America","North America"
"UT021","United States of America","North America"
"AZ023","United States of America","North America"
"NM051","United States of America","North America"
"NM052","United States of America","North America"
"NM043","United States of America","North America"
"NM055","United States of America","North America"
"VA011","United States of America","North America"
"NH003","United States of America","North America"
"NM035","United States of America","North America"
"NM048","United States of America","North America"
"WY025","United States of America","North America"
"CA560","United States of America","North America"
"CA601","United States of America","North America"
"CO076","United States of America","North America"
"NM053","United States of America","North America"
"AZ082","United States of America","North America"
"NM027","United States of America","North America"
"NM034","United States of America","North America"
"AZ090","United States of America","North America"
"AZ103","United States of America","North America"
"AZ139","United States of America","North America"
"AZ084","United States of America","North America"
"NM023","United States of America","North America"
"NM021","United States of America","North America"
"NM022","United States of America","North America"
"AR039","United States of America","North America"
"TX046","United States of America","North America"
"NV036","United States of America","North America"
"NV508","United States of America","North America"
"NV048","United States of America","North America"
"NV037","United States of America","North America"
"AR059","United States of America","North America"
"CA051","United States of America","North America"
"OH006","United States of America","North America"
"CA582","United States of America","North America"
"SD020","United States of America","North America"
"MT111","United States of America","North America"
"MT110","United States of America","North America"
"CA583","United States of America","North America"
"CA585","United States of America","North America"
"CA587","United States of America","North America"
"CO598","United States of America","North America"
"ME031","United States of America","North America"
"ME030","United States of America","North America"
"ME032","United States of America","North America"
"ME027","United States of America","North America"
"ME029","United States of America","North America"
"OK","United States of America","North America"
"AZ040","United States of America","North America"
"CO067","United States of America","North America"
"CO066","United States of America","North America"
"AZ033","United States of America","North America"
"CA591","United States of America","North America"
"GA004","United States of America","North America"
"AR072","United States of America","North America"
"CA625","United States of America","North America"
"CO557","United States of America","North America"
"CO558","United States of America","North America"
"CO559","United States of America","North America"
"CO560","United States of America","North America"
"AK011","United States of America","North America"
"AZ558","United States of America","North America"
"WA043","United States of America","North America"
"MT103","United States of America","North America"
"CA643","United States of America","North America"
"AZ042","United States of America","North America"
"UT529","United States of America","North America"
"CO581","United States of America","North America"
"CO571","United States of America","North America"
"CO570","United States of America","North America"
"CO626","United States of America","North America"
"NE005","United States of America","North America"
"CO627","United States of America","North America"
"TX024","United States of America","North America"
"OR026","United States of America","North America"
"CA526","United States of America","North America"
"MT116","United States of America","North America"
"CO592","United States of America","North America"
"CO564","United States of America","North America"
"CO591","United States of America","North America"
"NE007","United States of America","North America"
"NM576","United States of America","North America"
"NM575","United States of America","North America"
"CO593","United States of America","North America"
"WA109","United States of America","North America"
"WA059","United States of America","North America"
"CA636","United States of America","North America"
"WA053","United States of America","North America"
"MN022","United States of America","North America"
"WA063","United States of America","North America"
"MN024","United States of America","North America"
"MN023","United States of America","North America"
"WA049","United States of America","North America"
"CA638","United States of America","North America"
"WA047","United States of America","North America"
"WA065","United States of America","North America"
"WA048","United States of America","North America"
"WA056","United States of America","North America"
"TX047","United States of America","North America"
"AR005","United States of America","North America"
"AR033","United States of America","North America"
"MO018","United States of America","North America"
"MO036","United States of America","North America"
"CA627","United States of America","North America"
"TX015","United States of America","North America"
"NC014","United States of America","North America"
"AR054","United States of America","North America"
"AR021","United States of America","North America"
"CA586","United States of America","North America"
"CA584","United States of America","North America"
"CA572","United States of America","North America"
"CA588","United States of America","North America"
"CA590","United States of America","North America"
"CA589","United States of America","North America"
"CA606","United States of America","North America"
"CA634","United States of America","North America"
"CA635","United States of America","North America"
"CO597","United States of America","North America"
"CO599","United States of America","North America"
"CO600","United States of America","North America"
"CO601","United States of America","North America"
"CO603","United States of America","North America"
"CO602","United States of America","North America"
"WY031","United States of America","North America"
"CO582","United States of America","North America"
"CO605","United States of America","North America"
"CO604","United States of America","North America"
"CO606","United States of America","North America"
"CO511","United States of America","North America"
"CA593","United States of America","North America"
"MS001","United States of America","North America"
"TX003","United States of America","North America"
"CA626","United States of America","North America"
"MO030","United States of America","North America"
"OK028","United States of America","North America"
"AK098","United States of America","North America"
"NV501","United States of America","North America"
"CA513","United States of America","North America"
"WY005","United States of America","North America"
"MT001","United States of America","North America"
"WY013","United States of America","North America"
"MT006","United States of America","North America"
"WY006","United States of America","North America"
"MT100","United States of America","North America"
"ID004","United States of America","North America"
"CA592","United States of America","North America"
"CA561","United States of America","North America"
"CA594","United States of America","North America"
"CA644","United States of America","North America"
"CA597","United States of America","North America"
"CA595","United States of America","North America"
"CA596","United States of America","North America"
"MT112","United States of America","North America"
"MT114","United States of America","North America"
"CA607","United States of America","North America"
"OR002","United States of America","North America"
"NV503","United States of America","North America"
"MT102","United States of America","North America"
"ID013","United States of America","North America"
"CA505","United States of America","North America"
"WA045","United States of America","North America"
"ID005","United States of America","North America"
"MT104","United States of America","North America"
"MT004","United States of America","North America"
"MA015","United States of America","North America"
"MN009","United States of America","North America"
"MN010","United States of America","North America"
"CA527","United States of America","North America"
"CA524","United States of America","North America"
"AK008","United States of America","North America"
"AR049","United States of America","North America"
"AR042","United States of America","North America"
"AR064","United States of America","North America"
"AR065","United States of America","North America"
"AR066","United States of America","North America"
"AK013","United States of America","North America"
"AR070","United States of America","North America"
"AR073","United States of America","North America"
"TX048","United States of America","North America"
"AK032","United States of America","North America"
"AK078","United States of America","North America"
"AK077","United States of America","North America"
"AK076","United States of America","North America"
"AK031","United States of America","North America"
"AK075","United States of America","North America"
"WY028","United States of America","North America"
"WA015","United States of America","North America"
"WA032","United States of America","North America"
"WA013","United States of America","North America"
"MA005","United States of America","North America"
"MA004","United States of America","North America"
"WY042","United States of America","North America"
"AK010","United States of America","North America"
"WA012","United States of America","North America"
"IA003","United States of America","North America"
"IA025","United States of America","North America"
"IA023","United States of America","North America"
"CA065","United States of America","North America"
"CA074","United States of America","North America"
"OR015","United States of America","North America"
"ID006","United States of America","North America"
"CA073","United States of America","North America"
"AZ060","United States of America","North America"
"NV040","United States of America","North America"
"WA011","United States of America","North America"
"WA039","United States of America","North America"
"WA037","United States of America","North America"
"WA003","United States of America","North America"
"WA031","United States of America","North America"
"WA026","United States of America","North America"
"WA029","United States of America","North America"
"MO037","United States of America","North America"
"GA002","United States of America","North America"
"CA614","United States of America","North America"
"NM579","United States of America","North America"
"WY029","United States of America","North America"
"NM015","United States of America","North America"
"IA014","United States of America","North America"
"IA015","United States of America","North America"
"IA013","United States of America","North America"
"IA018","United States of America","North America"
"IA016","United States of America","North America"
"MN015","United States of America","North America"
"NM011","United States of America","North America"
"NM111","United States of America","North America"
"NM112","United States of America","North America"
"MN017","United States of America","North America"
"NM010","United States of America","North America"
"NV052","United States of America","North America"
"MN016","United States of America","North America"
"NV057","United States of America","North America"
"OR041","United States of America","North America"
"AK020","United States of America","North America"
"AK015","United States of America","North America"
"AK016","United States of America","North America"
"NM555","United States of America","North America"
"LA001","United States of America","North America"
"NC008","United States of America","North America"
"AR050","United States of America","North America"
"AR018","United States of America","North America"
"VA021","United States of America","North America"
"OK004","United States of America","North America"
"TX018","United States of America","North America"
"AR057","United States of America","North America"
"IL016","United States of America","North America"
"OK013","United States of America","North America"
"TX030","United States of America","North America"
"NM578","United States of America","North America"
"NM550","United States of America","North America"
"NM551","United States of America","North America"
"IA012","United States of America","North America"
"AZ109","United States of America","North America"
"AZ127","United States of America","North America"
"AZ030","United States of America","North America"
"AZ129","United States of America","North America"
"AZ047","United States of America","North America"
"CO055","United States of America","North America"
"NM004","United States of America","North America"
"CO061","United States of America","North America"
"AZ049","United States of America","North America"
"AZ050","United States of America","North America"
"UT507","United States of America","North America"
"NM097","United States of America","North America"
"MO027","United States of America","North America"
"AR055","United States of America","North America"
"AK006","United States of America","North America"
"TX001","United States of America","North America"
"CO053","United States of America","North America"
"CO060","United States of America","North America"
"NM001","United States of America","North America"
"NM006","United States of America","North America"
"CO052","United States of America","North America"
"IL014","United States of America","North America"
"MO007","United States of America","North America"
"MO008","United States of America","North America"
"IL009","United States of America","North America"
"WY010","United States of America","North America"
"WY011","United States of America","North America"
"MO006","United States of America","North America"
"MO004","United States of America","North America"
"MO005","United States of America","North America"
"IA032","United States of America","North America"
"IA002","United States of America","North America"
"TN008","United States of America","North America"
"IA005","United States of America","North America"
"IA024","United States of America","North America"
"TN005","United States of America","North America"
"IL001","United States of America","North America"
"IL002","United States of America","North America"
"IA021","United States of America","North America"
"TN","United States of America","North America"
"MO038","United States of America","North America"
"CA617","United States of America","North America"
"AR048","United States of America","North America"
"KS010","United States of America","North America"
"AR067","United States of America","North America"
"KS007","United States of America","North America"
"AK017","United States of America","North America"
"AK018","United States of America","North America"
"AK021","United States of America","North America"
"WA001","United States of America","North America"
"WA038","United States of America","North America"
"WA008","United States of America","North America"
"WA007","United States of America","North America"
"WA035","United States of America","North America"
"WA020","United States of America","North America"
"WA033","United States of America","North America"
"WA036","United States of America","North America"
"WA030","United States of America","North America"
"WA018","United States of America","North America"
"IL012","United States of America","North America"
"UT513","United States of America","North America"
"UT516","United States of America","North America"
"UT517","United States of America","North America"
"UT518","United States of America","North America"
"AZ563","United States of America","North America"
"UT520","United States of America","North America"
"AK022","United States of America","North America"
"AK023","United States of America","North America"
"AK024","United States of America","North America"
"AK025","United States of America","North America"
"AK026","United States of America","North America"
"AK030","United States of America","North America"
"CO586","United States of America","North America"
"CO587","United States of America","North America"
"NM558","United States of America","North America"
"CO527","United States of America","North America"
"NM563","United States of America","North America"
"NM548","United States of America","North America"
"NM549","United States of America","North America"
"NM556","United States of America","North America"
"OR029","United States of America","North America"
"NM559","United States of America","North America"
"NM561","United States of America","North America"
"WA117","United States of America","North America"
"WA097","United States of America","North America"
"WA095","United States of America","North America"
"WA096","United States of America","North America"
"WA124","United States of America","North America"
"WA122","United States of America","North America"
"WA123","United States of America","North America"
"WA115","United States of America","North America"
"WA100","United States of America","North America"
"WA113","United States of America","North America"
"WA098","United States of America","North America"
"WA114","United States of America","North America"
"NE004","United States of America","North America"
"CA608","United States of America","North America"
"WY030","United States of America","North America"
"CO616","United States of America","North America"
"CO618","United States of America","North America"
"AR006","United States of America","North America"
"AR030","United States of America","North America"
"AR068","United States of America","North America"
"AR001","United States of America","North America"
"AR069","United States of America","North America"
"NC011","United States of America","North America"
"NC012","United States of America","North America"
"NC013","United States of America","North America"
"CA621","United States of America","North America"
"OK007","United States of America","North America"
"OK022","United States of America","North America"
"OK016","United States of America","North America"
"CO049","United States of America","North America"
"AZ105","United States of America","North America"
"AZ066","United States of America","North America"
"AZ143","United States of America","North America"
"WA099","United States of America","North America"
"AZ104","United States of America","North America"
"NM007","United States of America","North America"
"AZ026","United States of America","North America"
"AZ027","United States of America","North America"
"AZ029","United States of America","North America"
"AZ032","United States of America","North America"
"CO050","United States of America","North America"
"UT505","United States of America","North America"
"AZ044","United States of America","North America"
"NM020","United States of America","North America"
"WY017","United States of America","North America"
"CO594","United States of America","North America"
"CO595","United States of America","North America"
"NM574","United States of America","North America"
"CO596","United States of America","North America"
"CO617","United States of America","North America"
"CO579","United States of America","North America"
"CO584","United States of America","North America"
"CO620","United States of America","North America"
"CO565","United States of America","North America"
"CO621","United States of America","North America"
"CO567","United States of America","North America"
"CO622","United States of America","North America"
"CO623","United States of America","North America"
"CO624","United States of America","North America"
"CA618","United States of America","North America"
"CA619","United States of America","North America"
"SC004","United States of America","North America"
"SC005","United States of America","North America"
"AR027","United States of America","North America"
"AR","United States of America","North America"
"AK009","United States of America","North America"
"WI006","United States of America","North America"
"CO589","United States of America","North America"
"NE008","United States of America","North America"
"CO590","United States of America","North America"
"UT514","United States of America","North America"
"UT515","United States of America","North America"
"MO044","United States of America","North America"
"MO1","United States of America","North America"
"MO2","United States of America","North America"
"CA604","United States of America","North America"
"OR084","United States of America","North America"
"OR082","United States of America","North America"
"OR083","United States of America","North America"
"CA579","United States of America","North America"
"CA578","United States of America","North America"
"CA577","United States of America","North America"
"WY033","United States of America","North America"
"CA580","United States of America","North America"
"CA564","United States of America","North America"
"CA563","United States of America","North America"
"CA562","United States of America","North America"
"NV519","United States of America","North America"
"CA605","United States of America","North America"
"UT511","United States of America","North America"
"CO554","United States of America","North America"
"IL008","United States of America","North America"
"IA030","United States of America","North America"
"IA026","United States of America","North America"
"WA085","United States of America","North America"
"WA086","United States of America","North America"
"WA087","United States of America","North America"
"WY020","United States of America","North America"
"WA088","United States of America","North America"
"WA090","United States of America","North America"
"WY019","United States of America","North America"
"WA089","United States of America","North America"
"WA091","United States of America","North America"
"AR014","United States of America","North America"
"AR013","United States of America","North America"
"NH001","United States of America","North America"
"MN008","United States of America","North America"
"CO043","United States of America","North America"
"WA061","United States of America","North America"
"WA055","United States of America","North America"
"WA064","United States of America","North America"
"WA062","United States of America","North America"
"AK074","United States of America","North America"
"AK073","United States of America","North America"
"AK033","United States of America","North America"
"AK071","United States of America","North America"
"SD001","United States of America","North America"
"MN021","United States of America","North America"
"CO037","United States of America","North America"
"CA095","United States of America","North America"
"CA079","United States of America","North America"
"CA089","United States of America","North America"
"OR006","United States of America","North America"
"OR042","United States of America","North America"
"UT510","United States of America","North America"
"AZ552","United States of America","North America"
"AZ551","United States of America","North America"
"CA558","United States of America","North America"
"SD018","United States of America","North America"
"CA632","United States of America","North America"
"OR063","United States of America","North America"
"IA033","United States of America","North America"
"ND006","United States of America","North America"
"SD019","United States of America","North America"
"MO014","United States of America","North America"
"IA001","United States of America","North America"
"IA006","United States of America","North America"
"MO001","United States of America","North America"
"IA027","United States of America","North America"
"IA020","United States of America","North America"
"IL013","United States of America","North America"
"IL011","United States of America","North America"
"IA004","United States of America","North America"
"CA066","United States of America","North America"
"CA067","United States of America","North America"
"CA084","United States of America","North America"
"CA092","United States of America","North America"
"AZ135","United States of America","North America"
"NM047","United States of America","North America"
"AZ056","United States of America","North America"
"AZ503","United States of America","North America"
"AZ144","United States of America","North America"
"AZ043","United States of America","North America"
"AZ501","United States of America","North America"
"AZ041","United States of America","North America"
"UT018","United States of America","North America"
"UT013","United States of America","North America"
"WY002","United States of America","North America"
"AR016","United States of America","North America"
"KY002","United States of America","North America"
"AR017","United States of America","North America"
"IL006","United States of America","North America"
"IL007","United States of America","North America"
"CA094","United States of America","North America"
"OR009","United States of America","North America"
"NV500","United States of America","North America"
"NM014","United States of America","North America"
"NM031","United States of America","North America"
"AR012","United States of America","North America"
"AR015","United States of America","North America"
"MD008","United States of America","North America"
"OR021","United States of America","North America"
"CA517","United States of America","North America"
"UT523","United States of America","North America"
"MO009","United States of America","North America"
"WA046","United States of America","North America"
"MI001","United States of America","North America"
"AL002","United States of America","North America"
"CO071","United States of America","North America"
"OR005","United States of America","North America"
"OR004","United States of America","North America"
"ID012","United States of America","North America"
"ID010","United States of America","North America"
"ID009","United States of America","North America"
"ID011","United States of America","North America"
"NV056","United States of America","North America"
"CO072","United States of America","North America"
"OR078","United States of America","North America"
"OR076","United States of America","North America"
"OR077","United States of America","North America"
"WA118","United States of America","North America"
"WA116","United States of America","North America"
"WY014","United States of America","North America"
"CO046","United States of America","North America"
"CO033","United States of America","North America"
"NV061","United States of America","North America"
"CA087","United States of America","North America"
"CA514","United States of America","North America"
"CA064","United States of America","North America"
"CA520","United States of America","North America"
"OR018","United States of America","North America"
"AZ063","United States of America","North America"
"NV049","United States of America","North America"
"NE003","United States of America","North America"
"NM012","United States of America","North America"
"AR009","United States of America","North America"
"UT501","United States of America","North America"
"AZ062","United States of America","North America"
"NV055","United States of America","North America"
"NV053","United States of America","North America"
"AZ548","United States of America","North America"
"VA018","United States of America","North America"
"UT508","United States of America","North America"
"CO523","United States of America","North America"
"VT001","United States of America","North America"
"OR055","United States of America","North America"
"OR059","United States of America","North America"
"CA633","United States of America","North America"
"WA127","United States of America","North America"
"WA125","United States of America","North America"
"WA126","United States of America","North America"
"OR075","United States of America","North America"
"OR073","United States of America","North America"
"OR074","United States of America","North America"
"AK001","United States of America","North America"
"CO040","United States of America","North America"
"CO039","United States of America","North America"
"MN019","United States of America","North America"
"NV060","United States of America","North America"
"CO030","United States of America","North America"
"MA001","United States of America","North America"
"MN018","United States of America","North America"
"AK047","United States of America","North America"
"VA027","United States of America","North America"
"WA106","United States of America","North America"
"WA107","United States of America","North America"
"WA104","United States of America","North America"
"WA108","United States of America","North America"
"WA105","United States of America","North America"
"WA121","United States of America","North America"
"WA119","United States of America","North America"
"WA120","United States of America","North America"
"OR066","United States of America","North America"
"OR064","United States of America","North America"
"OR080","United States of America","North America"
"OR065","United States of America","North America"
"AK049","United States of America","North America"
"AK051","United States of America","North America"
"AZ071","United States of America","North America"
"AZ069","United States of America","North America"
"AZ072","United States of America","North America"
"AZ554","United States of America","North America"
"AZ509","United States of America","North America"
"WV003","United States of America","North America"
"AZ556","United States of America","North America"
"AZ559","United States of America","North America"
"OR069","United States of America","North America"
"OR067","United States of America","North America"
"OR068","United States of America","North America"
"WA112","United States of America","North America"
"WA103","United States of America","North America"
"CA640","United States of America","North America"
"WA052","United States of America","North America"
"OR027","United States of America","North America"
"CA639","United States of America","North America"
"WY027","United States of America","North America"
"WA060","United States of America","North America"
"MN025","United States of America","North America"
"WA051","United States of America","North America"
"WA057","United States of America","North America"
"WA066","United States of America","North America"
"WA058","United States of America","North America"
"NM564","United States of America","North America"
"ND003","United States of America","North America"
"CA631","United States of America","North America"
"NV518","United States of America","North America"
"ND004","United States of America","North America"
"SD014","United States of America","North America"
"SD015","United States of America","North America"
"SD016","United States of America","North America"
"CA612","United States of America","North America"
"SD017","United States of America","North America"
"NC019","United States of America","North America"
"NY004","United States of America","North America"
"NM583","United States of America","North America"
"AZ517","United States of America","North America"
"AZ518","United States of America","North America"
"CO534","United States of America","North America"
"CO533","United States of America","North America"
"CA528","United States of America","North America"
"MA014","United States of America","North America"
"CO524","United States of America","North America"
"CO551","United States of America","North America"
"AZ515","United States of America","North America"
"AZ513","United States of America","North America"
"NM566","United States of America","North America"
"NM565","United States of America","North America"
"AZ514","United States of America","North America"
"CA533","United States of America","North America"
"NV510","United States of America","North America"
"CA530","United States of America","North America"
"CO532","United States of America","North America"
"AK029","United States of America","North America"
"CO535","United States of America","North America"
"NM567","United States of America","North America"
"AZ523","United States of America","North America"
"AZ520","United States of America","North America"
"AZ519","United States of America","North America"
"AZ521","United States of America","North America"
"CO525","United States of America","North America"
"CO536","United States of America","North America"
"AZ502","United States of America","North America"
"VA007","United States of America","North America"
"VA006","United States of America","North America"
"VA008","United States of America","North America"
"TN030","United States of America","North America"
"AZ085","United States of America","North America"
"TX002","United States of America","North America"
"WY015","United States of America","North America"
"AZ527","United States of America","North America"
"CO545","United States of America","North America"
"AZ528","United States of America","North America"
"AZ529","United States of America","North America"
"AZ530","United States of America","North America"
"CO625","United States of America","North America"
"CO628","United States of America","North America"
"CO583","United States of America","North America"
"CO629","United States of America","North America"
"CO566","United States of America","North America"
"AZ083","United States of America","North America"
"CA671","United States of America","North America"
"CO641","United States of America","North America"
"WY037","United States of America","North America"
"UT500","United States of America","North America"
"NM586","United States of America","North America"
"UT524","United States of America","North America"
"WY016","United States of America","North America"
"AK027","United States of America","North America"
"AK035","United States of America","North America"
"AK044","United States of America","North America"
"AK045","United States of America","North America"
"IL015","United States of America","North America"
"CO563","United States of America","North America"
"AK053","United States of America","North America"
"AK087","United States of America","North America"
"MT117","United States of America","North America"
"OR085","United States of America","North America"
"WY034","United States of America","North America"
"AK079","United States of America","North America"
"AK080","United States of America","North America"
"AK081","United States of America","North America"
"AK082","United States of America","North America"
"AK083","United States of America","North America"
"AK084","United States of America","North America"
"AK085","United States of America","North America"
"AZ532","United States of America","North America"
"AZ531","United States of America","North America"
"CO546","United States of America","North America"
"CA531","United States of America","North America"
"AZ533","United States of America","North America"
"NV512","United States of America","North America"
"AZ534","United States of America","North America"
"AZ536","United States of America","North America"
"CO547","United States of America","North America"
"AZ541","United States of America","North America"
"AZ510","United States of America","North America"
"AZ535","United States of America","North America"
"AZ544","United States of America","North America"
"CA534","United States of America","North America"
"AZ543","United States of America","North America"
"NV517","United States of America","North America"
"NV514","United States of America","North America"
"CA532","United States of America","North America"
"CA529","United States of America","North America"
"CO549","United States of America","North America"
"AZ545","United States of America","North America"
"AZ546","United States of America","North America"
"AK22","United States of America","North America"
"AK24","United States of America","North America"
"MT007","United States of America","North America"
"MT002","United States of America","North America"
"CO630","United States of America","North America"
"WY032","United States of America","North America"
"CO632","United States of America","North America"
"AZ540","United States of America","North America"
"AZ537","United States of America","North America"
"AZ539","United States of America","North America"
"AZ538","United States of America","North America"
"AK11","United States of America","North America"
"AK8","United States of America","North America"
"AK10","United States of America","North America"
"NV516","United States of America","North America"
"CO631","United States of America","North America"
"AZ557","United States of America","North America"
"MI011","United States of America","North America"
"MI012","United States of America","North America"
"MI013","United States of America","North America"
"MI014","United States of America","North America"
"MI017","United States of America","North America"
"MI015","United States of America","North America"
"AK036","United States of America","North America"
"AK037","United States of America","North America"
"AK034","United States of America","North America"
"AK038","United States of America","North America"
"AK039","United States of America","North America"
"AK040","United States of America","North America"
"AK041","United States of America","North America"
"AK042","United States of America","North America"
"AK043","United States of America","North America"
"WA110","United States of America","North America"
"CA548","United States of America","North America"
"CO548","United States of America","North America"
"AK086","United States of America","North America"
"AK089","United States of America","North America"
"AK088","United States of America","North America"
"OR086","United States of America","North America"
"OR087","United States of America","North America"
"OR089","United States of America","North America"
"WA101","United States of America","North America"
"WA111","United States of America","North America"
"WA102","United States of America","North America"
"CA536","United States of America","North America"
"CA537","United States of America","North America"
"WA3","United States of America","North America"
"AK13","United States of America","North America"
"AK3","United States of America","North America"
"WA2","United States of America","North America"
"AK2","United States of America","North America"
"CO550","United States of America","North America"
"AZ547","United States of America","North America"
"CA602","United States of America","North America"
"CA567","United States of America","North America"
"CA642","United States of America","North America"
"CA570","United States of America","North America"
"CA569","United States of America","North America"
"CA565","United States of America","North America"
"CA581","United States of America","North America"
"CA566","United States of America","North America"
"CA568","United States of America","North America"
"CA603","United States of America","North America"
"CA571","United States of America","North America"
"CA641","United States of America","North America"
"CO517","United States of America","North America"
"SD013","United States of America","North America"
"OR061","United States of America","North America"
"CO635","United States of America","North America"
"CA549","United States of America","North America"
"CA550","United States of America","North America"
"CA551","United States of America","North America"
"TN024","United States of America","North America"
"TN025","United States of America","North America"
"AZ505","United States of America","North America"
"TN026","United States of America","North America"
"NC015","United States of America","North America"
"CO633","United States of America","North America"
"CO634","United States of America","North America"
"KS012","United States of America","North America"
"CA538","United States of America","North America"
"CA539","United States of America","North America"
"CA540","United States of America","North America"
"CA541","United States of America","North America"
"CA542","United States of America","North America"
"CA543","United States of America","North America"
"CA544","United States of America","North America"
"CA545","United States of America","North America"
"CA546","United States of America","North America"
"CA547","United States of America","North America"
"WA054","United States of America","North America"
"CA637","United States of America","North America"
"CA552","United States of America","North America"
"CA553","United States of America","North America"
"CA554","United States of America","North America"
"OR072","United States of America","North America"
"OR070","United States of America","North America"
"OR071","United States of America","North America"
"WA094","United States of America","North America"
"WA092","United States of America","North America"
"WA093","United States of America","North America"
"OR079","United States of America","North America"
"CA576","United States of America","North America"
"CA574","United States of America","North America"
"CA573","United States of America","North America"
"CA575","United States of America","North America"
"AR007","United States of America","North America"
"TX027","United States of America","North America"
"AR052","United States of America","North America"
"CA091","United States of America","North America"
"MN013","United States of America","North America"
"FL005","United States of America","North America"
"KS004","United States of America","North America"
"MO041","United States of America","North America"
"FL006","United States of America","North America"
"AR024","United States of America","North America"
"MO015","United States of America","North America"
"MO039","United States of America","North America"
"NM118","United States of America","North America"
"MN014","United States of America","North America"
"OR058","United States of America","North America"
"OR051","United States of America","North America"
"OR054","United States of America","North America"
"OR049","United States of America","North America"
"OR052","United States of America","North America"
"OR046","United States of America","North America"
"OR047","United States of America","North America"
"OR048","United States of America","North America"
"OR053","United States of America","North America"
"OR050","United States of America","North America"
"OR056","United States of America","North America"
"OR057","United States of America","North America"
"TX021","United States of America","North America"
"TX036","United States of America","North America"
"MT124","United States of America","North America"
"AK012","United States of America","North America"
"NM502","United States of America","North America"
"NM581","United States of America","North America"
"AR074","United States of America","North America"
"KY005","United States of America","North America"
"AZ052","United States of America","North America"
"AZ506","United States of America","North America"
"WI002","United States of America","North America"
"CA070","United States of America","North America"
"CO607","United States of America","North America"
"AR062","United States of America","North America"
"VA022","United States of America","North America"
"FL001","United States of America","North America"
"MO033","United States of America","North America"
"CA615","United States of America","North America"
"AR063","United States of America","North America"
"TX039","United States of America","North America"
"MO024","United States of America","North America"
"CA616","United States of America","North America"
"TX043","United States of America","North America"
"VA023","United States of America","North America"
"NM582","United States of America","North America"
"CO637","United States of America","North America"
"CA503","United States of America","North America"
"OR012","United States of America","North America"
"WY008","United States of America","North America"
"CO639","United States of America","North America"
"OR033","United States of America","North America"
"OR038","United States of America","North America"
"OR031","United States of America","North America"
"OR034","United States of America","North America"
"OR039","United States of America","North America"
"OR032","United States of America","North America"
"OR035","United States of America","North America"
"OR040","United States of America","North America"
"OR037","United States of America","North America"
"AK007","United States of America","North America"
"CO608","United States of America","North America"
"CO568","United States of America","North America"
"CO572","United States of America","North America"
"NE006","United States of America","North America"
"CO609","United States of America","North America"
"CO610","United States of America","North America"
"CO569","United States of America","North America"
"CO611","United States of America","North America"
"NM577","United States of America","North America"
"CO612","United States of America","North America"
"CO613","United States of America","North America"
"WY038","United States of America","North America"
"CO614","United States of America","North America"
"CO619","United States of America","North America"
"CO615","United States of America","North America"
"CO588","United States of America","North America"
"AR004","United States of America","North America"
"AR002","United States of America","North America"
"GA003","United States of America","North America"
"TX041","United States of America","North America"
"WY018","United States of America","North America"
"WA042","United States of America","North America"
"CO640","United States of America","North America"
"ID003","United States of America","North America"
"WA027","United States of America","North America"
"WA004","United States of America","North America"
"OR001","United States of America","North America"
"WA010","United States of America","North America"
"WA034","United States of America","North America"
"WA006","United States of America","North America"
"WA019","United States of America","North America"
"WA022","United States of America","North America"
"WA023","United States of America","North America"
"WA025","United States of America","North America"
"OR030","United States of America","North America"
"NM562","United States of America","North America"
"CO528","United States of America","North America"
"KS001","United States of America","North America"
"OK031","United States of America","North America"
"OK019","United States of America","North America"
"GA009","United States of America","North America"
"AR053","United States of America","North America"
"MI018","United States of America","North America"
"NM560","United States of America","North America"
"NM061","United States of America","North America"
"NM554","United States of America","North America"
"CO530","United States of America","North America"
"CO529","United States of America","North America"
"CO531","United States of America","North America"
"NM552","United States of America","North America"
"NM557","United States of America","North America"
"NM553","United States of America","North America"
"NM063","United States of America","North America"
"AR003","United States of America","North America"
"NC009","United States of America","North America"
"TX033","United States of America","North America"
"MO043","United States of America","North America"
"TX012","United States of America","North America"
"AR036","United States of America","North America"
"MO021","United States of America","North America"
"FL002","United States of America","North America"
"CA622","United States of America","North America"
"MO042","United States of America","North America"
"TN021","United States of America","North America"
"TN020","United States of America","North America"
"TN022","United States of America","North America"
"WA130","United States of America","North America"
"NC010","United States of America","North America"
"TN016","United States of America","North America"
"NV509","United States of America","North America"
"NV507","United States of America","North America"
"TN013","United States of America","North America"
"TN017","United States of America","North America"
"TN018","United States of America","North America"
"TN019","United States of America","North America"
"TN014","United States of America","North America"
"TN011","United States of America","North America"
"TN015","United States of America","North America"
"TN023","United States of America","North America"
"AK108","United States of America","North America"
"CO021","United States of America","North America"
"CO502","United States of America","North America"
"CA508","United States of America","North America"
"OK025","United States of America","North America"
"OK001","United States of America","North America"
"TX009","United States of America","North America"
"AR060","United States of America","North America"
"VA025","United States of America","North America"
"OK010","United States of America","North America"
"FL004","United States of America","North America"
"AZ564","United States of America","North America"
"TN029","United States of America","North America"
"TX049","United States of America","North America"
"CA506","United States of America","North America"
"NM587","United States of America","North America"
"CA502","United States of America","North America"
"CA501","United States of America","North America"
"NC017","United States of America","North America"
"CO638","United States of America","North America"
"WY001","United States of America","North America"
"CO538","United States of America","North America"
"CO537","United States of America","North America"
"NV515","United States of America","North America"
"CO539","United States of America","North America"
"CO541","United States of America","North America"
"CO540","United States of America","North America"
"CO542","United States of America","North America"
"UT509","United States of America","North America"
"CA535","United States of America","North America"
"CO543","United States of America","North America"
"NM119","United States of America","North America"
"UT502","United States of America","North America"
"NM568","United States of America","North America"
"CO544","United States of America","North America"
"CO522","United States of America","North America"
"NV511","United States of America","North America"
"NV513","United States of America","North America"
"AK21","United States of America","North America"
"AK18","United States of America","North America"
"AK17","United States of America","North America"
"AK16","United States of America","North America"
"AK15","United States of America","North America"
"AK14","United States of America","North America"
"AK12","United States of America","North America"
"WA5","United States of America","North America"
"WA4","United States of America","North America"
"AK7","United States of America","North America"
"AK9","United States of America","North America"
"CA629","United States of America","North America"
"SD002","United States of America","North America"
"ND001","United States of America","North America"
"CA630","United States of America","North America"
"SD005","United States of America","North America"
"SD004","United States of America","North America"
"ND002","United States of America","North America"
"OH005","United States of America","North America"
"SD006","United States of America","North America"
"SD007","United States of America","North America"
"CA628","United States of America","North America"
"SD003","United States of America","North America"
"VA001","United States of America","North America"
"SD008","United States of America","North America"
"SD010","United States of America","North America"
"SD009","United States of America","North America"
"OR060","United States of America","North America"
"SD012","United States of America","North America"
"SD011","United States of America","North America"
"CANA317","Canada","North America"
"CANA032","Canada","North America"
"CANA210","Canada","North America"
"CANA034","Canada","North America"
"CANA114","Canada","North America"
"CANA112","Canada","North America"
"CANA035","Canada","North America"
"CANA008","Canada","North America"
"CANA107","Canada","North America"
"CANA109","Canada","North America"
"CANA037","Canada","North America"
"CANA110","Canada","North America"
"CANA314","Canada","North America"
"CANA029","Canada","North America"
"CANA033","Canada","North America"
"CANA111","Canada","North America"
"CANA308","Canada","North America"
"CANA088","Canada","North America"
"CANA146","Canada","North America"
"CANA162","Canada","North America"
"CANA161","Canada","North America"
"CANA152","Canada","North America"
"CANA150","Canada","North America"
"CANA151","Canada","North America"
"CANA174","Canada","North America"
"CANA175","Canada","North America"
"CANA147","Canada","North America"
"CANA3","Canada","North America"
"CANA050","Canada","North America"
"CANA051","Canada","North America"
"CANA022","Canada","North America"
"CANA1","Canada","North America"
"CANA018","Canada","North America"
"CANA020","Canada","North America"
"CANA026","Canada","North America"
"CANA090","Canada","North America"
"CANA093","Canada","North America"
"CANA094","Canada","North America"
"CANA044","Canada","North America"
"CANA159","Canada","North America"
"CANA158","Canada","North America"
"CANA153","Canada","North America"
"CANA154","Canada","North America"
"CANA211","Canada","North America"
"CANA092","Canada","North America"
"CANA045","Canada","North America"
"CANA075","Canada","North America"
"CANA072","Canada","North America"
"CANA054","Canada","North America"
"CANA061","Canada","North America"
"CANA078","Canada","North America"
"CANA068","Canada","North America"
"CANA089","Canada","North America"
"CANA047","Canada","North America"
"CANA048","Canada","North America"
"CANA084","Canada","North America"
"CANA069","Canada","North America"
"CANA060","Canada","North America"
"CANA071","Canada","North America"
"CANA038","Canada","North America"
"CANA131","Canada","North America"
"CANA133","Canada","North America"
"CANA053","Canada","North America"
"CANA097","Canada","North America"
"CANA082","Canada","North America"
"CANA065","Canada","North America"
"CANA076","Canada","North America"
"CANA134","Canada","North America"
"CANA149","Canada","North America"
"MT126","Canada","North America"
"CANA091","Canada","North America"
"CANA095","Canada","North America"
"CANA127","Canada","North America"
"CANA148","Canada","North America"
"CANA128","Canada","North America"
"CANA011","Canada","North America"
"CANA156","Canada","North America"
"CANA083","Canada","North America"
"CANA106","Canada","North America"
"CANA098","Canada","North America"
"CANA103","Canada","North America"
"CANA197","Canada","North America"
"CANA196","Canada","North America"
"CANA201","Canada","North America"
"CANA009","Canada","North America"
"CANA104","Canada","North America"
"CANA139","Canada","North America"
"CANA063","Canada","North America"
"CANA108","Canada","North America"
"CANA064","Canada","North America"
"CANA087","Canada","North America"
"CANA079","Canada","North America"
"CANA030","Canada","North America"
"CANA100","Canada","North America"
"CANA102","Canada","North America"
"CANA155","Canada","North America"
"CANA132","Canada","North America"
"CANA130","Canada","North America"
"CANA129","Canada","North America"
"CANA145","Canada","North America"
"CANA099","Canada","North America"
"CANA015","Canada","North America"
"CANA013","Canada","North America"
"CANA204","Canada","North America"
"CANA205","Canada","North America"
"CANA113","Canada","North America"
"CANA214","Canada","North America"
"CANA219","Canada","North America"
"CANA216","Canada","North America"
"CANA212","Canada","North America"
"CANA142","Canada","North America"
"CANA295","Canada","North America"
"CANA297","Canada","North America"
"CANA305","Canada","North America"
"CANA016","Canada","North America"
"CANA300","Canada","North America"
"CANA302","Canada","North America"
"CANA049","Canada","North America"
"CANA157","Canada","North America"
"CANA221","Canada","North America"
"CANA222","Canada","North America"
"CANA136","Canada","North America"
"CANA137","Canada","North America"
"CANA135","Canada","North America"
"CANA4","Canada","North America"
"CANA163","Canada","North America"
"CANA164","Canada","North America"
"CANA165","Canada","North America"
"CANA166","Canada","North America"
"CANA167","Canada","North America"
"CANA234","Canada","North America"
"CANA238","Canada","North America"
"CANA101","Canada","North America"
"CANA058","Canada","North America"
"CANA066","Canada","North America"
"CANA074","Canada","North America"
"CANA070","Canada","North America"
"CANA298","Canada","North America"
"CANA024","Canada","North America"
"CANA056","Canada","North America"
"CANA055","Canada","North America"
"CANA223","Canada","North America"
"CANA236","Canada","North America"
"CANA227","Canada","North America"
"CANA144","Canada","North America"
"CANA105","Canada","North America"
"CANA143","Canada","North America"
"CANA226","Canada","North America"
"CANA230","Canada","North America"
"CANA242","Canada","North America"
"CANA225","Canada","North America"
"CANA085","Canada","North America"
"CANA229","Canada","North America"
"CANA231","Canada","North America"
"CANA240","Canada","North America"
"CANA224","Canada","North America"
"CANA232","Canada","North America"
"CANA228","Canada","North America"
"CANA241","Canada","North America"
"CANA021","Canada","North America"
"CANA141","Canada","North America"
"CANA086","Canada","North America"
"CANA012","Canada","North America"
"CANA140","Canada","North America"
"CANA138","Canada","North America"
"CANA039","Canada","North America"
"CANA116","Canada","North America"
"CANA041","Canada","North America"
"CANA059","Canada","North America"
"CANA096","Canada","North America"
"CANA042","Canada","North America"
"CANA043","Canada","North America"
"CANA296","Canada","North America"
"CANA301","Canada","North America"
"CANA306","Canada","North America"
"CANA028","Canada","North America"
"CANA304","Canada","North America"
"CANA299","Canada","North America"
"CANA303","Canada","North America"
"CANA5","Canada","North America"
"CANA6","Canada","North America"
"CANA213","Canada","North America"
"CANA217","Canada","North America"
"CANA218","Canada","North America"
"MEXI019","Mexico","North America"
"MEXI034","Mexico","North America"
"MEXI035","Mexico","North America"
"MEXI036","Mexico","North America"
"MEXI033","Mexico","North America"
"MEXI012","Mexico","North America"
"MEXI022","Mexico","North America"
"MEXI023","Mexico","North America"
"MEXI001","Mexico","North America"
"MEXI018","Mexico","North America"
"MEXI008","Mexico","North America"
"MEXI028","Mexico","North America"
"MEXI029","Mexico","North America"
"MEXI014","Mexico","North America"
"MEXI004","Mexico","North America"
"MEXI005","Mexico","North America"
"MEXI006","Mexico","North America"
"MEXI026","Mexico","North America"
"MEXI037","Mexico","North America"
"MEXI024","Mexico","North America"
"MEXI025","Mexico","North America"
"MEXI009","Mexico","North America"
"MEXI011","Mexico","North America"
"MEXI016","Mexico","North America"
"MEXI032","Mexico","North America"
"MEXI031","Mexico","North America"
"PH001","Philippines","Asia"
"AUSL022","Australia","Oceania"
"AUSL023","Australia","Oceania"
"AUSL001","Australia","Oceania"
"AUSL007","Australia","Oceania"
"AUSL020","Australia","Oceania"
"AUSL021","Australia","Oceania"
"AUSL009","Australia","Oceania"
"AUSL010","Australia","Oceania"
"AUSL012","Australia","Oceania"
"AUSL002","Australia","Oceania"
"AUSL013","Australia","Oceania"
"AUSL005","Australia","Oceania"
"AUSL003","Australia","Oceania"
"AUSL014","Australia","Oceania"
"AUSL016","Australia","Oceania"
"AUSL018","Australia","Oceania"
"AUSL015","Australia","Oceania"
"AUSL011","Australia","Oceania"
"NEWZ005","New Zealand","Oceania"
"NEWZ006","New Zealand","Oceania"
"NEWZ007","New Zealand","Oceania"
"NEWZ008","New Zealand","Oceania"
"NEWZ009","New Zealand","Oceania"
"NEWZ010","New Zealand","Oceania"
"NEWZ002","New Zealand","Oceania"
"NEWZ003","New Zealand","Oceania"
"NEWZ014","New Zealand","Oceania"
"NEWZ015","New Zealand","Oceania"
"NEWZ016","New Zealand","Oceania"
"NEWZ001","New Zealand","Oceania"
"NEWZ017","New Zealand","Oceania"
"NEWZ018","New Zealand","Oceania"
"NEWZ019","New Zealand","Oceania"
"NEWZ020","New Zealand","Oceania"
"NEWZ022","New Zealand","Oceania"
"NEWZ031","New Zealand","Oceania"
"NEWZ055","New Zealand","Oceania"
"NEWZ033","New Zealand","Oceania"
"NEWZ054","New Zealand","Oceania"
"NEWZ057","New Zealand","Oceania"
"NEWZ056","New Zealand","Oceania"
"NEWZ058","New Zealand","Oceania"
"NEWZ035","New Zealand","Oceania"
"NEWZ023","New Zealand","Oceania"
"NEWZ050","New Zealand","Oceania"
"NEWZ043","New Zealand","Oceania"
"NEWZ030","New Zealand","Oceania"
"NEWZ032","New Zealand","Oceania"
"NEWZ042","New Zealand","Oceania"
"NEWZ047","New Zealand","Oceania"
"NEWZ027","New Zealand","Oceania"
"NEWZ026","New Zealand","Oceania"
"NEWZ025","New Zealand","Oceania"
"NEWZ052","New Zealand","Oceania"
"NEWZ040","New Zealand","Oceania"
"NEWZ039","New Zealand","Oceania"
"NEWZ038","New Zealand","Oceania"
"NEWZ045","New Zealand","Oceania"
"NEWZ046","New Zealand","Oceania"
"NEWZ037","New Zealand","Oceania"
"NEWZ036","New Zealand","Oceania"
"NEWZ024","New Zealand","Oceania"
"NEWZ048","New Zealand","Oceania"
"NEWZ051","New Zealand","Oceania"
"NEWZ049","New Zealand","Oceania"
"NEWZ034","New Zealand","Oceania"
"NEWZ041","New Zealand","Oceania"
"NEWZ044","New Zealand","Oceania"
"NEWZ004","New Zealand","Oceania"
"NEWZ063","New Zealand","Oceania"
"NEWZ059","New Zealand","Oceania"
"NEWZ064","New Zealand","Oceania"
"NEWZ075","New Zealand","Oceania"
"NEWZ065","New Zealand","Oceania"
"NEWZ072","New Zealand","Oceania"
"NEWZ073","New Zealand","Oceania"
"NEWZ074","New Zealand","Oceania"
"NEWZ066","New Zealand","Oceania"
"NEWZ067","New Zealand","Oceania"
"NEWZ060","New Zealand","Oceania"
"NEWZ061","New Zealand","Oceania"
"NEWZ068","New Zealand","Oceania"
"NEWZ070","New Zealand","Oceania"
"NEWZ069","New Zealand","Oceania"
"NEWZ071","New Zealand","Oceania"
"NEWZ062","New Zealand","Oceania"
"NEWZ076","New Zealand","Oceania"
"TW001","Taiwan","Asia"
"JAPA010","Japan","Asia"
"JAPA004","Japan","Asia"
"JAPA007","Japan","Asia"
"JAPA001","Japan","Asia"
"JAPA011","Japan","Asia"
"NM584","United States of America","North America"
"NM585","United States of America","North America"
"UT530","United States of America","North America"
"AK014","United States of America","North America"
"AK019","United States of America","North America"
"AK028","United States of America","North America"
"AK19","United States of America","North America"
"AK4","United States of America","North America"
"AK5","United States of America","North America"
"AK6","United States of America","North America"
"ARGE026","Argentina","South America"
"ARGE031","Argentina","South America"
"ARGE040","Argentina","South America"
"ARGE049","Argentina","South America"
"ARGE051","Argentina","South America"
"ARGE059","Argentina","South America"
"BRIT10","United Kingdom","Europe"
"AUSL004","Australia","Oceania"
"CANA209","Canada","North America"
"CANA269","Canada","North America"
"ITAL003","Italy","Europe"
"JAPA1","Japan","Asia"
"ME017","United States of America","North America"
"ME018","United States of America","North America"
"MS002","United States of America","North America"
"NEWZ021","New Zealand","Oceania"
"NORW009","Norway","Europe"
"NORW011","Norway","Europe"
"SWED324","Sweden","Europe"
"TURK007","Turkey","Asia"
"RUSS199","Russia","Europe"
"SWED018","Sweden","Europe"
"SWED304","Sweden","Europe"
